name,sample_ID,start_position,end_position,length,label,logits,softmax_probs
NZ_JRKQ01000008,NZ_JRKQ01000008.1,0,3999,4000,0,"[3.4800257682800293, -3.8391547203063965]","[0.9993377327919006, 0.0006622661603614688]"
NZ_JRKQ01000008,NZ_JRKQ01000008.1,100,4099,4000,0,"[3.4819936752319336, -3.841683864593506]","[0.9993407130241394, 0.0006592966383323073]"
NZ_JRKQ01000008,NZ_JRKQ01000008.1,200,4199,4000,0,"[3.511364698410034, -3.8700573444366455]","[0.9993776679039001, 0.0006223272066563368]"
NZ_JRKQ01000008,NZ_JRKQ01000008.1,300,4299,4000,0,"[3.4892683029174805, -3.84755539894104]","[0.9993492960929871, 0.0006506918580271304]"
NZ_JRKQ01000008,NZ_JRKQ01000008.1,400,4399,4000,0,"[3.509146213531494, -3.8671700954437256]","[0.9993745684623718, 0.0006255109910853207]"
NZ_JRKQ01000008,NZ_JRKQ01000008.1,500,4499,4000,0,"[3.5110273361206055, -3.868257999420166]","[0.9993763566017151, 0.0006236575427465141]"
NZ_JRKQ01000008,NZ_JRKQ01000008.1,600,4599,4000,0,"[3.485553741455078, -3.8429551124572754]","[0.9993438124656677, 0.0006561210611835122]"
NZ_JRKQ01000008,NZ_JRKQ01000008.1,700,4699,4000,0,"[3.433932304382324, -3.7919423580169678]","[0.9992730021476746, 0.0007269869092851877]"
NZ_JRKQ01000008,NZ_JRKQ01000008.1,800,4799,4000,0,"[3.4101340770721436, -3.7678017616271973]","[0.9992372989654541, 0.0007626597071066499]"
NZ_JRKQ01000008,NZ_JRKQ01000008.1,900,4899,4000,0,"[3.4695377349853516, -3.828828811645508]","[0.999323844909668, 0.0006761855911463499]"
NZ_JRKQ01000008,NZ_JRKQ01000008.1,1000,4999,4000,0,"[3.5001959800720215, -3.8591413497924805]","[0.9993638396263123, 0.0006362152053043246]"
NZ_JRKQ01000008,NZ_JRKQ01000008.1,1100,5099,4000,0,"[3.489612579345703, -3.8490030765533447]","[0.9993504881858826, 0.0006495276466012001]"
NZ_JRKQ01000008,NZ_JRKQ01000008.1,1200,5199,4000,0,"[3.5016424655914307, -3.8602240085601807]","[0.9993653893470764, 0.0006346091395244002]"
NZ_JRKQ01000008,NZ_JRKQ01000008.1,1300,5299,4000,0,"[3.476961612701416, -3.8347115516662598]","[0.9993327260017395, 0.0006672533927485347]"
NZ_JRKQ01000008,NZ_JRKQ01000008.1,1400,5399,4000,0,"[3.464726686477661, -3.822822093963623]","[0.9993164539337158, 0.0006835349486209452]"
NZ_JRKQ01000008,NZ_JRKQ01000008.1,1500,5499,4000,0,"[3.4769339561462402, -3.8358380794525146]","[0.9993334412574768, 0.0006665211985819042]"
NZ_JRKQ01000008,NZ_JRKQ01000008.1,1600,5599,4000,0,"[3.4402694702148438, -3.7994112968444824]","[0.9992830157279968, 0.0007170262979343534]"
NZ_JRKQ01000008,NZ_JRKQ01000008.1,1700,5699,4000,0,"[3.4659152030944824, -3.8243958950042725]","[0.9993183612823486, 0.0006816509994678199]"
NZ_JRKQ01000008,NZ_JRKQ01000008.1,1800,5799,4000,0,"[3.298367500305176, -3.6503498554229736]","[0.9990410208702087, 0.0009589452529326081]"
NZ_JRKQ01000008,NZ_JRKQ01000008.1,1900,5899,4000,0,"[3.281768798828125, -3.633113384246826]","[0.9990081191062927, 0.0009919136064127088]"
NZ_JRKQ01000008,NZ_JRKQ01000008.1,2000,5999,4000,0,"[2.012460231781006, -2.2425591945648193]","[0.9860057830810547, 0.013994201086461544]"
NZ_JRKQ01000008,NZ_JRKQ01000008.1,2100,6099,4000,0,"[2.2042222023010254, -2.45776104927063]","[0.9906407594680786, 0.009359280578792095]"
NZ_JRKQ01000008,NZ_JRKQ01000008.1,2200,6199,4000,0,"[1.3494058847427368, -1.5382144451141357]","[0.9472310543060303, 0.05276893079280853]"
NZ_JRKQ01000008,NZ_JRKQ01000008.1,2300,6299,4000,0,"[1.1823334693908691, -1.3738791942596436]","[0.9279897809028625, 0.07201021909713745]"
NZ_JRKQ01000008,NZ_JRKQ01000008.1,2400,6399,4000,0,"[1.5879626274108887, -1.7979365587234497]","[0.9672608971595764, 0.0327390693128109]"
NZ_JRKQ01000008,NZ_JRKQ01000008.1,2500,6499,4000,0,"[2.9860050678253174, -3.3028154373168945]","[0.9981465339660645, 0.001853507594205439]"
NZ_JRKQ01000008,NZ_JRKQ01000008.1,2600,6599,4000,0,"[3.176452875137329, -3.5175211429595947]","[0.9987632036209106, 0.0012368201278150082]"
NZ_JRKQ01000008,NZ_JRKQ01000008.1,2700,6699,4000,0,"[3.227367401123047, -3.572700023651123]","[0.9988875985145569, 0.0011124612065032125]"
NZ_JRKQ01000008,NZ_JRKQ01000008.1,2800,6799,4000,0,"[3.4027345180511475, -3.7575900554656982]","[0.9992238283157349, 0.0007761994493193924]"
NZ_JRKQ01000008,NZ_JRKQ01000008.1,2900,6899,4000,0,"[3.4383955001831055, -3.7954320907592773]","[0.999278724193573, 0.0007212323835119605]"
NZ_JRKQ01000008,NZ_JRKQ01000008.1,3000,6999,4000,0,"[3.457050085067749, -3.815028429031372]","[0.9993058443069458, 0.0006941844476386905]"
NZ_JRKQ01000008,NZ_JRKQ01000008.1,3100,7099,4000,0,"[3.474639415740967, -3.832646369934082]","[0.9993298053741455, 0.000670185312628746]"
NZ_JRKQ01000008,NZ_JRKQ01000008.1,3200,7199,4000,0,"[3.472494125366211, -3.8312361240386963]","[0.9993274211883545, 0.0006725710118189454]"
NZ_JRKQ01000008,NZ_JRKQ01000008.1,3300,7299,4000,0,"[3.4968149662017822, -3.8554415702819824]","[0.9993593096733093, 0.0006407330511137843]"
NZ_JRKQ01000008,NZ_JRKQ01000008.1,3400,7399,4000,0,"[3.4936017990112305, -3.851840019226074]","[0.999354898929596, 0.000645111664198339]"
NZ_JRKQ01000008,NZ_JRKQ01000008.1,3500,7499,4000,0,"[3.49935245513916, -3.857144832611084]","[0.9993619322776794, 0.0006380234262906015]"
NZ_JRKQ01000008,NZ_JRKQ01000008.1,3600,7599,4000,0,"[3.49933123588562, -3.858018398284912]","[0.9993625283241272, 0.0006374803488142788]"
NZ_JRKQ01000008,NZ_JRKQ01000008.1,3700,7699,4000,0,"[3.3705179691314697, -3.7259960174560547]","[0.9991726279258728, 0.0008273014100268483]"
NZ_JRKQ01000008,NZ_JRKQ01000008.1,3800,7799,4000,0,"[3.39688777923584, -3.7539901733398438]","[0.9992164373397827, 0.0007835608557797968]"
NZ_JRKQ01000008,NZ_JRKQ01000008.1,3900,7899,4000,0,"[3.4101004600524902, -3.7679615020751953]","[0.9992374181747437, 0.000762563431635499]"
NZ_JRKQ01000008,NZ_JRKQ01000008.1,4000,7999,4000,0,"[3.362227439880371, -3.71689510345459]","[0.9991581439971924, 0.0008418028592132032]"
NZ_JRKQ01000008,NZ_JRKQ01000008.1,4100,8099,4000,0,"[3.2068686485290527, -3.555799961090088]","[0.9988452196121216, 0.0011548047186806798]"
NZ_JRKQ01000008,NZ_JRKQ01000008.1,4200,8199,4000,0,"[3.3729820251464844, -3.729220390319824]","[0.9991773962974548, 0.000822612491901964]"
NZ_JRKQ01000008,NZ_JRKQ01000008.1,4300,8299,4000,0,"[3.4348318576812744, -3.7915635108947754]","[0.9992733597755432, 0.000726608675904572]"
NZ_JRKQ01000008,NZ_JRKQ01000008.1,4400,8399,4000,0,"[3.4112515449523926, -3.768857955932617]","[0.9992389678955078, 0.00076100486330688]"
NZ_JRKQ01000008,NZ_JRKQ01000008.1,4500,8499,4000,0,"[3.4322872161865234, -3.789797306060791]","[0.9992702603340149, 0.0007297456613741815]"
NZ_JRKQ01000008,NZ_JRKQ01000008.1,4600,8599,4000,0,"[3.3891232013702393, -3.7466063499450684]","[0.9992044568061829, 0.0007955111796036363]"
NZ_JRKQ01000008,NZ_JRKQ01000008.1,4700,8699,4000,0,"[3.383998155593872, -3.742507219314575]","[0.9991971850395203, 0.0008028774755075574]"
NZ_JRKQ01000008,NZ_JRKQ01000008.1,4800,8799,4000,0,"[3.4316978454589844, -3.7888784408569336]","[0.9992691874504089, 0.0007308462518267334]"
NZ_JRKQ01000008,NZ_JRKQ01000008.1,4900,8899,4000,0,"[3.4359049797058105, -3.79392671585083]","[0.9992758631706238, 0.0007241180283017457]"
NZ_JRKQ01000008,NZ_JRKQ01000008.1,5000,8999,4000,0,"[3.439629077911377, -3.797487497329712]","[0.999281108379364, 0.0007188657182268798]"
NZ_JRKQ01000008,NZ_JRKQ01000008.1,5100,9099,4000,0,"[3.4393162727355957, -3.7974061965942383]","[0.9992808699607849, 0.0007191490731202066]"
NZ_JRKQ01000008,NZ_JRKQ01000008.1,5200,9199,4000,0,"[3.427072525024414, -3.7848148345947266]","[0.9992627501487732, 0.0007372195250354707]"
NZ_JRKQ01000008,NZ_JRKQ01000008.1,5300,9299,4000,0,"[3.3987889289855957, -3.754523277282715]","[0.9992183446884155, 0.0007816572906449437]"
NZ_JRKQ01000008,NZ_JRKQ01000008.1,5400,9399,4000,0,"[3.4347352981567383, -3.7925078868865967]","[0.9992740750312805, 0.0007259933627210557]"
NZ_JRKQ01000008,NZ_JRKQ01000008.1,5500,9499,4000,0,"[3.4410479068756104, -3.7996180057525635]","[0.9992837309837341, 0.0007163207628764212]"
NZ_JRKQ01000008,NZ_JRKQ01000008.1,5600,9599,4000,0,"[3.4408106803894043, -3.7995853424072266]","[0.999283492565155, 0.000716513954102993]"
NZ_JRKQ01000008,NZ_JRKQ01000008.1,5700,9699,4000,0,"[3.4737491607666016, -3.831432819366455]","[0.9993283748626709, 0.0006715958588756621]"
NZ_JRKQ01000008,NZ_JRKQ01000008.1,5800,9799,4000,0,"[3.4621729850769043, -3.81941556930542]","[0.9993124008178711, 0.0006876185070723295]"
NZ_JRKQ01000008,NZ_JRKQ01000008.1,5900,9899,4000,0,"[3.4802215099334717, -3.837472438812256]","[0.9993367791175842, 0.0006632509175688028]"
NZ_JRKQ01000008,NZ_JRKQ01000008.1,6000,9999,4000,0,"[3.4823660850524902, -3.8364779949188232]","[0.9993374943733215, 0.0006624890374951065]"
NZ_JRKQ01000008,NZ_JRKQ01000008.1,6100,10099,4000,0,"[3.485367774963379, -3.840320587158203]","[0.9993420243263245, 0.000657973054330796]"
NZ_JRKQ01000008,NZ_JRKQ01000008.1,6200,10199,4000,0,"[3.4761745929718018, -3.8297011852264404]","[0.9993288516998291, 0.0006711303722113371]"
NZ_JRKQ01000008,NZ_JRKQ01000008.1,6300,10299,4000,0,"[3.4803624153137207, -3.8357770442962646]","[0.9993357062339783, 0.0006642820662818849]"
NZ_JRKQ01000008,NZ_JRKQ01000008.1,6400,10399,4000,0,"[3.464597702026367, -3.821718215942383]","[0.999315619468689, 0.0006843777373433113]"
NZ_JRKQ01000008,NZ_JRKQ01000008.1,6500,10499,4000,0,"[3.479835033416748, -3.8370556831359863]","[0.9993361830711365, 0.0006637833430431783]"
NZ_JRKQ01000008,NZ_JRKQ01000008.1,6600,10599,4000,0,"[3.461599826812744, -3.82121205329895]","[0.999313235282898, 0.0006867782212793827]"
NZ_JRKQ01000008,NZ_JRKQ01000008.1,6700,10699,4000,0,"[3.4754412174224854, -3.835987091064453]","[0.99933260679245, 0.0006674168398603797]"
NZ_JRKQ01000008,NZ_JRKQ01000008.1,6800,10799,4000,0,"[3.480987787246704, -3.840771198272705]","[0.9993394017219543, 0.0006605616654269397]"
NZ_JRKQ01000008,NZ_JRKQ01000008.1,6900,10899,4000,0,"[3.458474636077881, -3.8183207511901855]","[0.9993090629577637, 0.0006909199873916805]"
NZ_JRKQ01000008,NZ_JRKQ01000008.1,7000,10999,4000,0,"[3.4802510738372803, -3.840071201324463]","[0.9993384480476379, 0.0006615110905840993]"
NZ_JRKQ01000008,NZ_JRKQ01000008.1,7100,11099,4000,0,"[3.452059507369995, -3.812802791595459]","[0.9993008375167847, 0.0006992085836827755]"
NZ_JRKQ01000008,NZ_JRKQ01000008.1,7200,11199,4000,0,"[3.409029722213745, -3.769646167755127]","[0.9992378950119019, 0.0007620959659107029]"
NZ_JRKQ01000008,NZ_JRKQ01000008.1,7300,11299,4000,0,"[3.432511806488037, -3.7943878173828125]","[0.9992737174034119, 0.00072624278254807]"
NZ_JRKQ01000008,NZ_JRKQ01000008.1,7400,11399,4000,0,"[3.480081081390381, -3.842257261276245]","[0.999339759349823, 0.0006601796485483646]"
NZ_JRKQ01000008,NZ_JRKQ01000008.1,7500,11499,4000,0,"[3.490633487701416, -3.8504819869995117]","[0.9993520379066467, 0.0006479068542830646]"
NZ_JRKQ01000008,NZ_JRKQ01000008.1,7600,11599,4000,0,"[3.470667839050293, -3.829716205596924]","[0.999325156211853, 0.0006748237065039575]"
NZ_JRKQ01000008,NZ_JRKQ01000008.1,7700,11699,4000,0,"[3.4607436656951904, -3.820797920227051]","[0.9993124008178711, 0.0006876505794934928]"
NZ_JRKQ01000008,NZ_JRKQ01000008.1,7800,11799,4000,0,"[3.4412119388580322, -3.801443099975586]","[0.9992851614952087, 0.0007148985750973225]"
NZ_JRKQ01000008,NZ_JRKQ01000008.1,7900,11899,4000,0,"[3.464038372039795, -3.8240795135498047]","[0.9993168115615845, 0.0006831464124843478]"
NZ_JRKQ01000008,NZ_JRKQ01000008.1,8000,11999,4000,0,"[3.4427976608276367, -3.8024697303771973]","[0.999286949634552, 0.0007130345329642296]"
NZ_JRKQ01000008,NZ_JRKQ01000008.1,8100,12099,4000,0,"[3.451584815979004, -3.811249017715454]","[0.9992994070053101, 0.0007006272790022194]"
NZ_JRKQ01000008,NZ_JRKQ01000008.1,8200,12199,4000,0,"[3.4179015159606934, -3.7768449783325195]","[0.9992499947547913, 0.0007499554194509983]"
NZ_JRKQ01000008,NZ_JRKQ01000008.1,8300,12299,4000,0,"[3.4348111152648926, -3.794006824493408]","[0.9992751479148865, 0.0007248520269058645]"
NZ_JRKQ01000008,NZ_JRKQ01000008.1,8400,12399,4000,0,"[3.4317073822021484, -3.7913570404052734]","[0.9992709755897522, 0.0007290314533747733]"
NZ_JRKQ01000008,NZ_JRKQ01000008.1,8500,12499,4000,0,"[3.4630632400512695, -3.8229737281799316]","[0.9993153810501099, 0.0006845685420557857]"
NZ_JRKQ01000008,NZ_JRKQ01000008.1,8600,12599,4000,0,"[3.480274200439453, -3.840379476547241]","[0.999338686466217, 0.0006612917641177773]"
NZ_JRKQ01000008,NZ_JRKQ01000008.1,8700,12699,4000,0,"[3.4536633491516113, -3.813016414642334]","[0.9993020296096802, 0.000697939598467201]"
NZ_JRKQ01000008,NZ_JRKQ01000008.1,8800,12799,4000,0,"[3.4299678802490234, -3.7894651889801025]","[0.9992683529853821, 0.0007316818227991462]"
NZ_JRKQ01000008,NZ_JRKQ01000008.1,8900,12899,4000,0,"[3.437718391418457, -3.7975363731384277]","[0.999279797077179, 0.0007202045526355505]"
NZ_JRKQ01000008,NZ_JRKQ01000008.1,9000,12999,4000,0,"[3.457749843597412, -3.8168232440948486]","[0.9993075132369995, 0.0006924558547325432]"
NZ_JRKQ01000008,NZ_JRKQ01000008.1,9100,13099,4000,0,"[3.435673236846924, -3.7943549156188965]","[0.9992759823799133, 0.000723975885193795]"
NZ_JRKQ01000008,NZ_JRKQ01000008.1,9200,13199,4000,0,"[3.4402523040771484, -3.7999267578125]","[0.9992833733558655, 0.000716669368557632]"
NZ_JRKQ01000008,NZ_JRKQ01000008.1,9300,13299,4000,0,"[3.4804837703704834, -3.841310739517212]","[0.9993394017219543, 0.0006605383823625743]"
NZ_JRKQ01000008,NZ_JRKQ01000008.1,9400,13399,4000,0,"[3.4550940990448, -3.814906120300293]","[0.9993044137954712, 0.0006956274737603962]"
NZ_JRKQ01000008,NZ_JRKQ01000008.1,9500,13499,4000,0,"[3.4431328773498535, -3.802591323852539]","[0.9992873072624207, 0.0007127090939320624]"
NZ_JRKQ01000008,NZ_JRKQ01000008.1,9600,13599,4000,0,"[3.4409234523773193, -3.8005800247192383]","[0.9992843270301819, 0.0007157213403843343]"
NZ_JRKQ01000008,NZ_JRKQ01000008.1,9700,13699,4000,0,"[3.4608211517333984, -3.8207175731658936]","[0.9993124008178711, 0.0006876525585539639]"
NZ_JRKQ01000008,NZ_JRKQ01000008.1,9800,13799,4000,0,"[3.4601731300354004, -3.8195393085479736]","[0.999311089515686, 0.0006889086798764765]"
NZ_JRKQ01000008,NZ_JRKQ01000008.1,9900,13899,4000,0,"[3.4754388332366943, -3.8342361450195312]","[0.9993314743041992, 0.000668587046675384]"
NZ_JRKQ01000008,NZ_JRKQ01000008.1,10000,13999,4000,0,"[3.476430892944336, -3.8343145847320557]","[0.9993321299552917, 0.0006678724894300103]"
NZ_JRKQ01000008,NZ_JRKQ01000008.1,10100,14099,4000,0,"[3.4619812965393066, -3.8210842609405518]","[0.9993133544921875, 0.0006866041221655905]"
NZ_JRKQ01000008,NZ_JRKQ01000008.1,10200,14199,4000,0,"[3.457509994506836, -3.8163576126098633]","[0.9993070363998413, 0.00069294439163059]"
NZ_JRKQ01000008,NZ_JRKQ01000008.1,10300,14299,4000,0,"[3.4624338150024414, -3.8214244842529297]","[0.9993139505386353, 0.0006860605790279806]"
NZ_JRKQ01000008,NZ_JRKQ01000008.1,10400,14399,4000,0,"[3.4751362800598145, -3.83455753326416]","[0.9993314743041992, 0.0006685745902359486]"
NZ_JRKQ01000008,NZ_JRKQ01000008.1,10500,14499,4000,0,"[3.481593132019043, -3.840557098388672]","[0.9993396401405334, 0.0006603036308661103]"
NZ_JRKQ01000008,NZ_JRKQ01000008.1,10600,14599,4000,0,"[3.486668586730957, -3.844433546066284]","[0.999345600605011, 0.0006544227944687009]"
NZ_JRKQ01000008,NZ_JRKQ01000008.1,10700,14699,4000,0,"[3.4909791946411133, -3.848193645477295]","[0.9993508458137512, 0.0006491659441962838]"
NZ_JRKQ01000008,NZ_JRKQ01000008.1,10800,14799,4000,0,"[3.486417293548584, -3.8449785709381104]","[0.9993457198143005, 0.0006542306509800255]"
NZ_JRKQ01000008,NZ_JRKQ01000008.1,10900,14899,4000,0,"[3.4842381477355957, -3.8421239852905273]","[0.9993425011634827, 0.0006575302104465663]"
NZ_JRKQ01000008,NZ_JRKQ01000008.1,11000,14999,4000,0,"[3.4965763092041016, -3.855293035507202]","[0.9993590712547302, 0.0006409810157492757]"
NZ_JRKQ01000008,NZ_JRKQ01000008.1,11100,15099,4000,0,"[3.4932849407196045, -3.851391077041626]","[0.9993544220924377, 0.0006456055562011898]"
NZ_JRKQ01000008,NZ_JRKQ01000008.1,11200,15199,4000,0,"[3.488363742828369, -3.8477141857147217]","[0.9993488192558289, 0.0006511769606731832]"
NZ_JRKQ01000008,NZ_JRKQ01000008.1,11300,15299,4000,0,"[3.478180170059204, -3.838014841079712]","[0.9993357062339783, 0.000664244988001883]"
NZ_JRKQ01000008,NZ_JRKQ01000008.1,11400,15399,4000,0,"[3.441671371459961, -3.8002524375915527]","[0.999284565448761, 0.000715420872438699]"
NZ_JRKQ01000008,NZ_JRKQ01000008.1,11500,15499,4000,0,"[3.3534011840820312, -3.7083396911621094]","[0.9991434812545776, 0.0008565500611439347]"
NZ_JRKQ01000008,NZ_JRKQ01000008.1,11600,15599,4000,0,"[3.447140693664551, -3.805150270462036]","[0.9992918968200684, 0.0007080476498231292]"
NZ_JRKQ01000008,NZ_JRKQ01000008.1,11700,15699,4000,0,"[3.4157609939575195, -3.7727370262145996]","[0.9992454051971436, 0.0007546526612713933]"
NZ_JRKQ01000008,NZ_JRKQ01000008.1,11800,15799,4000,0,"[3.330561637878418, -3.685647964477539]","[0.9991036057472229, 0.0008964156149886549]"
NZ_JRKQ01000008,NZ_JRKQ01000008.1,11900,15899,4000,0,"[3.324176788330078, -3.677292585372925]","[0.999090313911438, 0.0009097145521081984]"
NZ_JRKQ01000008,NZ_JRKQ01000008.1,12000,15999,4000,0,"[3.0677342414855957, -3.4002082347869873]","[0.9984499216079712, 0.0015500105218961835]"
NZ_JRKQ01000008,NZ_JRKQ01000008.1,12100,16099,4000,0,"[3.256378650665283, -3.604564666748047]","[0.998953104019165, 0.0010468278778716922]"
NZ_JRKQ01000008,NZ_JRKQ01000008.1,12200,16199,4000,0,"[3.2736878395080566, -3.621450662612915]","[0.9989883303642273, 0.0010116718476638198]"
NZ_JRKQ01000008,NZ_JRKQ01000008.1,12300,16299,4000,0,"[3.264765739440918, -3.6131348609924316]","[0.9989707469940186, 0.0010292443912476301]"
NZ_JRKQ01000008,NZ_JRKQ01000008.1,12400,16399,4000,0,"[3.3065004348754883, -3.656517505645752]","[0.9990546107292175, 0.0009453420643694699]"
NZ_JRKQ01000008,NZ_JRKQ01000008.1,12500,16499,4000,0,"[3.3918282985687256, -3.7483291625976562]","[0.9992080330848694, 0.000791999395005405]"
NZ_JRKQ01000008,NZ_JRKQ01000008.1,12600,16599,4000,0,"[3.4305343627929688, -3.788118362426758]","[0.9992677569389343, 0.0007322524907067418]"
NZ_JRKQ01000008,NZ_JRKQ01000008.1,12700,16699,4000,0,"[3.418795108795166, -3.776085138320923]","[0.9992501139640808, 0.0007498550112359226]"
NZ_JRKQ01000008,NZ_JRKQ01000008.1,12800,16799,4000,0,"[3.384413719177246, -3.7401435375213623]","[0.9991955161094666, 0.0008044415153563023]"
NZ_JRKQ01000008,NZ_JRKQ01000008.1,12900,16899,4000,0,"[3.36281681060791, -3.717501401901245]","[0.9991592168807983, 0.0008407976129092276]"
NZ_JRKQ01000008,NZ_JRKQ01000008.1,13000,16999,4000,0,"[3.293208599090576, -3.643986225128174]","[0.9990299940109253, 0.000970047723967582]"
NZ_JRKQ01000008,NZ_JRKQ01000008.1,13100,17099,4000,0,"[3.137467861175537, -3.474980354309082]","[0.998658299446106, 0.0013417362933978438]"
NZ_JRKQ01000008,NZ_JRKQ01000008.1,13200,17199,4000,0,"[3.119555950164795, -3.455728054046631]","[0.9986075758934021, 0.0013924682280048728]"
NZ_JRKQ01000008,NZ_JRKQ01000008.1,13300,17299,4000,0,"[3.0657691955566406, -3.3976783752441406]","[0.998443067073822, 0.001556982402689755]"
NZ_JRKQ01000008,NZ_JRKQ01000008.1,13400,17399,4000,0,"[2.8778131008148193, -3.1918177604675293]","[0.9976932406425476, 0.002306693932041526]"
NZ_JRKQ01000008,NZ_JRKQ01000008.1,13500,17499,4000,0,"[3.1003854274749756, -3.4405884742736816]","[0.9985590577125549, 0.0014410032890737057]"
NZ_JRKQ01000008,NZ_JRKQ01000008.1,13600,17599,4000,0,"[3.1575379371643066, -3.5030734539031982]","[0.9987213015556335, 0.0012787265004590154]"
NZ_JRKQ01000008,NZ_JRKQ01000008.1,13700,17699,4000,0,"[3.139817476272583, -3.478125810623169]","[0.9986655712127686, 0.0013343931641429663]"
NZ_JRKQ01000008,NZ_JRKQ01000008.1,13800,17799,4000,0,"[2.8625426292419434, -3.174426317214966]","[0.9976168870925903, 0.0023830952122807503]"
NZ_JRKQ01000008,NZ_JRKQ01000008.1,13900,17899,4000,0,"[2.1771984100341797, -2.4295060634613037]","[0.9901140928268433, 0.009885959327220917]"
NZ_JRKQ01000008,NZ_JRKQ01000008.1,14000,17999,4000,0,"[2.948685646057129, -3.2813735008239746]","[0.9980345368385315, 0.0019654647912830114]"
NZ_JRKQ01000008,NZ_JRKQ01000008.1,14100,18099,4000,0,"[2.676785945892334, -2.9859256744384766]","[0.9965389966964722, 0.0034610661678016186]"
NZ_JRKQ01000008,NZ_JRKQ01000008.1,14200,18199,4000,1,"[-1.9900795221328735, 2.2596044540405273]","[0.014068011194467545, 0.9859319925308228]"
NZ_JRKQ01000008,NZ_JRKQ01000008.1,14300,18299,4000,1,"[-3.1182055473327637, 3.4644453525543213]","[0.0013822613982483745, 0.9986177682876587]"
NZ_JRKQ01000008,NZ_JRKQ01000008.1,14400,18399,4000,1,"[-3.1833348274230957, 3.5307374000549316]","[0.001212240313179791, 0.9987878203392029]"
NZ_JRKQ01000008,NZ_JRKQ01000008.1,14500,18499,4000,1,"[-3.2416844367980957, 3.5877199172973633]","[0.0010803337208926678, 0.9989197254180908]"
NZ_JRKQ01000008,NZ_JRKQ01000008.1,14600,18599,4000,1,"[-3.076190233230591, 3.4200098514556885]","[0.001506888773292303, 0.9984930753707886]"
NZ_JRKQ01000008,NZ_JRKQ01000008.1,14700,18699,4000,1,"[-2.904932975769043, 3.2379250526428223]","[0.0021441662684082985, 0.9978558421134949]"
NZ_JRKQ01000008,NZ_JRKQ01000008.1,14800,18799,4000,1,"[-2.807544231414795, 3.130394458770752]","[0.0026305224746465683, 0.9973694086074829]"
NZ_JRKQ01000008,NZ_JRKQ01000008.1,14900,18899,4000,1,"[-3.051008939743042, 3.3972442150115967]","[0.0015807825839146972, 0.9984191656112671]"
NZ_JRKQ01000008,NZ_JRKQ01000008.1,15000,18999,4000,1,"[-3.020371913909912, 3.3649210929870605]","[0.0016833359841257334, 0.9983166456222534]"
NZ_JRKQ01000008,NZ_JRKQ01000008.1,15100,19099,4000,1,"[-2.9776229858398438, 3.3188588619232178]","[0.0018393865320831537, 0.9981606602668762]"
NZ_JRKQ01000008,NZ_JRKQ01000008.1,15200,19199,4000,1,"[-2.6342930793762207, 2.935091018676758]","[0.0037983458023518324, 0.9962016940116882]"
NZ_JRKQ01000008,NZ_JRKQ01000008.1,15300,19299,4000,0,"[1.5499950647354126, -1.7173010110855103]","[0.9632896780967712, 0.03671032562851906]"
NZ_JRKQ01000008,NZ_JRKQ01000008.1,15400,19399,4000,1,"[-2.2895758152008057, 2.546261787414551]","[0.007877489551901817, 0.99212247133255]"
NZ_JRKQ01000008,NZ_JRKQ01000008.1,15500,19499,4000,1,"[-2.108760356903076, 2.3271875381469727]","[0.01170520018786192, 0.9882948398590088]"
NZ_JRKQ01000008,NZ_JRKQ01000008.1,15600,19599,4000,0,"[1.4314652681350708, -1.6085638999938965]","[0.9543501734733582, 0.04564991220831871]"
NZ_JRKQ01000008,NZ_JRKQ01000008.1,15700,19699,4000,0,"[3.0166139602661133, -3.3469419479370117]","[0.9982798099517822, 0.0017202638555318117]"
NZ_JRKQ01000008,NZ_JRKQ01000008.1,15800,19799,4000,0,"[3.037856340408325, -3.3664989471435547]","[0.9983483552932739, 0.001651604427024722]"
NZ_JRKQ01000008,NZ_JRKQ01000008.1,15900,19899,4000,0,"[1.665440559387207, -1.860396146774292]","[0.9714140295982361, 0.028585970401763916]"
NZ_JRKQ01000008,NZ_JRKQ01000008.1,16000,19999,4000,0,"[2.968168020248413, -3.296743392944336]","[0.9981017708778381, 0.0018982712645083666]"
NZ_JRKQ01000008,NZ_JRKQ01000008.1,16100,20099,4000,0,"[3.24125337600708, -3.5955028533935547]","[0.9989275336265564, 0.0010724288877099752]"
NZ_JRKQ01000008,NZ_JRKQ01000008.1,16200,20199,4000,0,"[3.4019722938537598, -3.763634204864502]","[0.9992278814315796, 0.0007721135625615716]"
NZ_JRKQ01000008,NZ_JRKQ01000008.1,16300,20299,4000,0,"[3.305173397064209, -3.664401054382324]","[0.9990608096122742, 0.0009391699568368495]"
NZ_JRKQ01000008,NZ_JRKQ01000008.1,16400,20399,4000,0,"[3.346334457397461, -3.707343101501465]","[0.9991365075111389, 0.0008634785772301257]"
NZ_JRKQ01000008,NZ_JRKQ01000008.1,16500,20499,4000,0,"[3.4405603408813477, -3.8002171516418457]","[0.9992837309837341, 0.000716240843757987]"
NZ_JRKQ01000008,NZ_JRKQ01000008.1,16600,20599,4000,0,"[3.4689440727233887, -3.829843759536743]","[0.9993240833282471, 0.0006759008392691612]"
NZ_JRKQ01000008,NZ_JRKQ01000008.1,16700,20699,4000,0,"[3.4381630420684814, -3.798414707183838]","[0.9992807507514954, 0.0007192529155872762]"
NZ_JRKQ01000008,NZ_JRKQ01000008.1,16800,20799,4000,0,"[3.407101631164551, -3.766941785812378]","[0.9992343187332153, 0.000765631499234587]"
NZ_JRKQ01000008,NZ_JRKQ01000008.1,16900,20899,4000,0,"[3.088711977005005, -3.4349780082702637]","[0.9985339641571045, 0.0014660884626209736]"
NZ_JRKQ01000008,NZ_JRKQ01000008.1,17000,20999,4000,0,"[3.22770619392395, -3.5837130546569824]","[0.9989000558853149, 0.001099917571991682]"
NZ_JRKQ01000008,NZ_JRKQ01000008.1,17100,21099,4000,0,"[3.2897868156433105, -3.646758556365967]","[0.999029278755188, 0.0009706771816127002]"
NZ_JRKQ01000008,NZ_JRKQ01000008.1,17200,21199,4000,0,"[3.38789701461792, -3.746110439300537]","[0.9992031455039978, 0.0007968814461492002]"
NZ_JRKQ01000008,NZ_JRKQ01000008.1,17300,21299,4000,0,"[3.4414069652557373, -3.8017568588256836]","[0.9992855191230774, 0.0007145348354242742]"
NZ_JRKQ01000008,NZ_JRKQ01000008.1,17400,21399,4000,0,"[3.367280960083008, -3.725174903869629]","[0.9991693496704102, 0.0008306626114062965]"
NZ_JRKQ01000008,NZ_JRKQ01000008.1,17500,21499,4000,0,"[3.3978848457336426, -3.7558343410491943]","[0.9992187023162842, 0.0007813397096469998]"
NZ_JRKQ01000008,NZ_JRKQ01000008.1,17600,21599,4000,0,"[3.3693618774414062, -3.7268869876861572]","[0.9991725087165833, 0.0008275206782855093]"
NZ_JRKQ01000008,NZ_JRKQ01000008.1,17700,21699,4000,0,"[3.261796236038208, -3.6137478351593018]","[0.9989683628082275, 0.001031670137308538]"
NZ_JRKQ01000008,NZ_JRKQ01000008.1,17800,21799,4000,0,"[3.2981700897216797, -3.6511058807373047]","[0.9990416169166565, 0.0009584100916981697]"
NZ_JRKQ01000008,NZ_JRKQ01000008.1,17900,21899,4000,0,"[3.0331616401672363, -3.362133026123047]","[0.9983333945274353, 0.001666611642576754]"
NZ_JRKQ01000008,NZ_JRKQ01000008.1,18000,21999,4000,0,"[2.5879158973693848, -2.877458095550537]","[0.9957870841026306, 0.004212934989482164]"
NZ_JRKQ01000008,NZ_JRKQ01000008.1,18100,22099,4000,1,"[-0.5226963758468628, 0.44636431336402893]","[0.2750677466392517, 0.7249321937561035]"
NZ_JRKQ01000008,NZ_JRKQ01000008.1,18200,22199,4000,1,"[-1.8943501710891724, 2.0203657150268555]","[0.01955614611506462, 0.9804438352584839]"
NZ_JRKQ01000008,NZ_JRKQ01000008.1,18300,22299,4000,1,"[-1.7914003133773804, 1.8739423751831055]","[0.02495661936700344, 0.9750433564186096]"
NZ_JRKQ01000008,NZ_JRKQ01000008.1,18400,22399,4000,1,"[-2.6253061294555664, 2.9395108222961426]","[0.0038156663067638874, 0.9961842894554138]"
NZ_JRKQ01000008,NZ_JRKQ01000008.1,18500,22499,4000,1,"[-2.6113672256469727, 2.924872398376465]","[0.003925846889615059, 0.9960741996765137]"
NZ_JRKQ01000008,NZ_JRKQ01000008.1,18600,22599,4000,1,"[-1.9707905054092407, 2.2145485877990723]","[0.014988959766924381, 0.9850110411643982]"
NZ_JRKQ01000008,NZ_JRKQ01000008.1,18700,22699,4000,1,"[-1.9593719244003296, 2.1094844341278076]","[0.01680954359471798, 0.9831905364990234]"
NZ_JRKQ01000008,NZ_JRKQ01000008.1,18800,22799,4000,1,"[-1.3036764860153198, 1.2546403408050537]","[0.07186973839998245, 0.9281302094459534]"
NZ_JRKQ01000008,NZ_JRKQ01000008.1,18900,22899,4000,1,"[-0.21802346408367157, 0.09158973395824432]","[0.42320916056632996, 0.5767908692359924]"
NZ_JRKQ01000008,NZ_JRKQ01000008.1,19000,22999,4000,0,"[1.445682406425476, -1.648763656616211]","[0.9566630721092224, 0.04333692789077759]"
NZ_JRKQ01000008,NZ_JRKQ01000008.1,19100,23099,4000,0,"[2.3729958534240723, -2.6367502212524414]","[0.9933716058731079, 0.006628368981182575]"
NZ_JRKQ01000008,NZ_JRKQ01000008.1,19200,23199,4000,0,"[3.0288376808166504, -3.359546184539795]","[0.9983218312263489, 0.0016781496815383434]"
NZ_JRKQ01000008,NZ_JRKQ01000008.1,19300,23299,4000,0,"[3.230057716369629, -3.5777828693389893]","[0.9988961219787598, 0.0011038569500669837]"
NZ_JRKQ01000008,NZ_JRKQ01000008.1,19400,23399,4000,0,"[3.2438292503356934, -3.590942144393921]","[0.9989253878593445, 0.001074557425454259]"
NZ_JRKQ01000008,NZ_JRKQ01000008.1,19500,23499,4000,0,"[2.7506346702575684, -3.0514609813690186]","[0.9969878792762756, 0.0030121172312647104]"
NZ_JRKQ01000008,NZ_JRKQ01000008.1,19600,23599,4000,0,"[1.170770287513733, -1.3672873973846436]","[0.9267670512199402, 0.07323287427425385]"
NZ_JRKQ01000008,NZ_JRKQ01000008.1,19700,23699,4000,1,"[-2.60966157913208, 2.9250707626342773]","[0.003931745421141386, 0.9960682392120361]"
NZ_JRKQ01000008,NZ_JRKQ01000008.1,19800,23799,4000,1,"[-2.692366600036621, 3.011634349822998]","[0.003321535885334015, 0.9966784715652466]"
NZ_JRKQ01000008,NZ_JRKQ01000008.1,19900,23899,4000,1,"[-2.5469188690185547, 2.856989622116089]","[0.004478811286389828, 0.9955211877822876]"
NZ_JRKQ01000008,NZ_JRKQ01000008.1,20000,23999,4000,1,"[-2.5375967025756836, 2.848114013671875]","[0.004560687579214573, 0.995439350605011]"
NZ_JRKQ01000008,NZ_JRKQ01000008.1,20100,24099,4000,1,"[-2.3500654697418213, 2.6530590057373047]","[0.006672112736850977, 0.9933278560638428]"
NZ_JRKQ01000008,NZ_JRKQ01000008.1,20200,24199,4000,1,"[-2.67307186126709, 2.993060827255249]","[0.00344928540289402, 0.9965506792068481]"
NZ_JRKQ01000008,NZ_JRKQ01000008.1,20300,24299,4000,1,"[-2.6381657123565674, 2.9572525024414062]","[0.0037010975647717714, 0.9962989687919617]"
NZ_JRKQ01000008,NZ_JRKQ01000008.1,20400,24399,4000,1,"[-2.6596126556396484, 2.979846477508545]","[0.0035421985667198896, 0.9964577555656433]"
NZ_JRKQ01000008,NZ_JRKQ01000008.1,20500,24499,4000,1,"[-2.91892147064209, 3.256263256072998]","[0.0020761024206876755, 0.9979238510131836]"
NZ_JRKQ01000008,NZ_JRKQ01000008.1,20600,24599,4000,1,"[-3.1039581298828125, 3.452155590057373]","[0.0014193813549354672, 0.9985805749893188]"
NZ_JRKQ01000008,NZ_JRKQ01000008.1,20700,24699,4000,1,"[-3.1764955520629883, 3.525585174560547]","[0.0012268463615328074, 0.9987731575965881]"
NZ_JRKQ01000008,NZ_JRKQ01000008.1,20800,24799,4000,1,"[-2.9470715522766113, 3.2855424880981445]","[0.0019604593981057405, 0.9980395436286926]"
NZ_JRKQ01000008,NZ_JRKQ01000008.1,20900,24899,4000,1,"[-3.207336902618408, 3.5574769973754883]","[0.0011523327557370067, 0.9988476037979126]"
NZ_JRKQ01000008,NZ_JRKQ01000008.1,21000,24999,4000,1,"[-3.2369484901428223, 3.5855605602264404]","[0.0010878009488806129, 0.9989122152328491]"
NZ_JRKQ01000008,NZ_JRKQ01000008.1,21100,25099,4000,1,"[-3.251262664794922, 3.601055145263672]","[0.001055886852554977, 0.998944103717804]"
NZ_JRKQ01000008,NZ_JRKQ01000008.1,21200,25199,4000,1,"[-3.221395969390869, 3.5708580017089844]","[0.0011211775708943605, 0.9988787770271301]"
NZ_JRKQ01000008,NZ_JRKQ01000008.1,21300,25299,4000,1,"[-3.2566819190979004, 3.606278657913208]","[0.0010447202948853374, 0.998955249786377]"
NZ_JRKQ01000008,NZ_JRKQ01000008.1,21400,25399,4000,1,"[-3.3108973503112793, 3.6588234901428223]","[0.0009390325867570937, 0.9990609288215637]"
NZ_JRKQ01000008,NZ_JRKQ01000008.1,21500,25499,4000,1,"[-3.310615062713623, 3.659614324569702]","[0.0009385558660142124, 0.9990614056587219]"
NZ_JRKQ01000008,NZ_JRKQ01000008.1,21600,25599,4000,1,"[-3.3384170532226562, 3.683413028717041]","[0.0008913959027267992, 0.999108612537384]"
NZ_JRKQ01000008,NZ_JRKQ01000008.1,21700,25699,4000,1,"[-3.3220627307891846, 3.6685686111450195]","[0.0009196189930662513, 0.9990804195404053]"
NZ_JRKQ01000008,NZ_JRKQ01000008.1,21800,25799,4000,1,"[-3.3230457305908203, 3.668531894683838]","[0.0009187497198581696, 0.9990812540054321]"
NZ_JRKQ01000008,NZ_JRKQ01000008.1,21900,25899,4000,1,"[-3.3177061080932617, 3.663363218307495]","[0.0009284458355978131, 0.999071478843689]"
NZ_JRKQ01000008,NZ_JRKQ01000008.1,22000,25999,4000,1,"[-3.3370132446289062, 3.6814160346984863]","[0.000894429802428931, 0.9991055130958557]"
NZ_JRKQ01000008,NZ_JRKQ01000008.1,22100,26099,4000,1,"[-3.3417820930480957, 3.6856517791748047]","[0.0008864191477186978, 0.9991136193275452]"
NZ_JRKQ01000008,NZ_JRKQ01000008.1,22200,26199,4000,1,"[-3.331599712371826, 3.6765573024749756]","[0.0009036568808369339, 0.9990963935852051]"
NZ_JRKQ01000008,NZ_JRKQ01000008.1,22300,26299,4000,1,"[-3.2677173614501953, 3.616549491882324]","[0.0010227194288745522, 0.9989773035049438]"
NZ_JRKQ01000008,NZ_JRKQ01000008.1,22400,26399,4000,1,"[-3.261988878250122, 3.6133246421813965]","[0.001031907624565065, 0.9989681243896484]"
NZ_JRKQ01000008,NZ_JRKQ01000008.1,22500,26499,4000,1,"[-3.297597885131836, 3.6459875106811523]","[0.0009638743358664215, 0.9990361928939819]"
NZ_JRKQ01000008,NZ_JRKQ01000008.1,22600,26599,4000,1,"[-3.2881245613098145, 3.6390035152435303]","[0.0009798527462407947, 0.9990200996398926]"
NZ_JRKQ01000008,NZ_JRKQ01000008.1,22700,26699,4000,1,"[-3.2466399669647217, 3.5998945236206055]","[0.0010620043613016605, 0.9989380240440369]"
NZ_JRKQ01000008,NZ_JRKQ01000008.1,22800,26799,4000,1,"[-3.17096209526062, 3.5247082710266113]","[0.001234726863913238, 0.9987653493881226]"
NZ_JRKQ01000008,NZ_JRKQ01000008.1,22900,26899,4000,1,"[-3.2295913696289062, 3.584521770477295]","[0.0010969620198011398, 0.9989030361175537]"
NZ_JRKQ01000008,NZ_JRKQ01000008.1,23000,26999,4000,1,"[-3.1486403942108154, 3.500515937805176]","[0.0012934388360008597, 0.998706579208374]"
NZ_JRKQ01000008,NZ_JRKQ01000008.1,23100,27099,4000,1,"[-3.2760729789733887, 3.6284871101379395]","[0.0010021949419751763, 0.9989978671073914]"
NZ_JRKQ01000008,NZ_JRKQ01000008.1,23200,27199,4000,1,"[-3.2872424125671387, 3.639467477798462]","[0.0009802618296816945, 0.9990197420120239]"
NZ_JRKQ01000008,NZ_JRKQ01000008.1,23300,27299,4000,1,"[-3.2942276000976562, 3.6448330879211426]","[0.0009682411910034716, 0.9990317821502686]"
NZ_JRKQ01000008,NZ_JRKQ01000008.1,23400,27399,4000,1,"[-3.3246264457702637, 3.671199321746826]","[0.0009148586541414261, 0.9990851879119873]"
NZ_JRKQ01000008,NZ_JRKQ01000008.1,23500,27499,4000,1,"[-3.3234684467315674, 3.669342041015625]","[0.0009176189778372645, 0.9990823268890381]"
NZ_JRKQ01000008,NZ_JRKQ01000008.1,23600,27599,4000,1,"[-3.3073596954345703, 3.654160976409912]","[0.0009467571508139372, 0.9990531802177429]"
NZ_JRKQ01000008,NZ_JRKQ01000008.1,23700,27699,4000,1,"[-3.2875492572784424, 3.6358673572540283]","[0.0009834924712777138, 0.999016523361206]"
NZ_JRKQ01000008,NZ_JRKQ01000008.1,23800,27799,4000,1,"[-3.2934393882751465, 3.6412367820739746]","[0.0009724915726110339, 0.9990274906158447]"
NZ_JRKQ01000008,NZ_JRKQ01000008.1,23900,27899,4000,1,"[-3.303399085998535, 3.6519784927368164]","[0.0009525856585241854, 0.9990474581718445]"
NZ_JRKQ01000008,NZ_JRKQ01000008.1,24000,27999,4000,1,"[-3.259559154510498, 3.610085964202881]","[0.0010377676226198673, 0.9989622831344604]"
NZ_JRKQ01000008,NZ_JRKQ01000008.1,24100,28099,4000,1,"[-3.2812674045562744, 3.6310558319091797]","[0.0009944528574123979, 0.9990056157112122]"
NZ_JRKQ01000008,NZ_JRKQ01000008.1,24200,28199,4000,1,"[-3.2120258808135986, 3.5614395141601562]","[0.001142418128438294, 0.9988576173782349]"
NZ_JRKQ01000008,NZ_JRKQ01000008.1,24300,28299,4000,1,"[-3.2403056621551514, 3.5894322395324707]","[0.0010799741139635444, 0.9989200830459595]"
NZ_JRKQ01000008,NZ_JRKQ01000008.1,24400,28399,4000,1,"[-3.1768627166748047, 3.5246124267578125]","[0.0012275887420400977, 0.9987724423408508]"
NZ_JRKQ01000008,NZ_JRKQ01000008.1,24500,28499,4000,1,"[-3.290619373321533, 3.639476776123047]","[0.0009769515600055456, 0.9990230798721313]"
NZ_JRKQ01000008,NZ_JRKQ01000008.1,24600,28599,4000,1,"[-3.305846929550171, 3.6536080837249756]","[0.0009487130446359515, 0.9990512728691101]"
NZ_JRKQ01000008,NZ_JRKQ01000008.1,24700,28699,4000,1,"[-3.278265953063965, 3.627622365951538]","[0.0010008658282458782, 0.9989991784095764]"
NZ_JRKQ01000008,NZ_JRKQ01000008.1,24800,28799,4000,1,"[-3.2996716499328613, 3.6516380310058594]","[0.0009564647334627807, 0.9990435242652893]"
NZ_JRKQ01000008,NZ_JRKQ01000008.1,24900,28899,4000,1,"[-3.263908863067627, 3.617064952850342]","[0.0010260894196107984, 0.9989739656448364]"
NZ_JRKQ01000008,NZ_JRKQ01000008.1,25000,28999,4000,1,"[-2.796066999435425, 3.122741937637329]","[0.002681192010641098, 0.9973188042640686]"
NZ_JRKQ01000008,NZ_JRKQ01000008.1,25100,29099,4000,1,"[-3.1168859004974365, 3.4673092365264893]","[0.0013801318127661943, 0.9986199140548706]"
NZ_JRKQ01000008,NZ_JRKQ01000008.1,25200,29199,4000,1,"[-3.1660172939300537, 3.5185136795043945]","[0.0012485397746786475, 0.9987514019012451]"
NZ_JRKQ01000008,NZ_JRKQ01000008.1,25300,29299,4000,1,"[-3.060072660446167, 3.408639907836914]","[0.0015488184290006757, 0.9984511137008667]"
NZ_JRKQ01000008,NZ_JRKQ01000008.1,25400,29399,4000,1,"[-2.922041416168213, 3.261632204055786]","[0.0020585886668413877, 0.9979414343833923]"
NZ_JRKQ01000008,NZ_JRKQ01000008.1,25500,29499,4000,1,"[-2.8226428031921387, 3.1511573791503906]","[0.0025380949955433607, 0.9974619150161743]"
NZ_JRKQ01000008,NZ_JRKQ01000008.1,25600,29599,4000,1,"[-2.824528694152832, 3.1541149616241455]","[0.002525863004848361, 0.9974741339683533]"
NZ_JRKQ01000008,NZ_JRKQ01000008.1,25700,29699,4000,1,"[-2.5859861373901367, 2.888267993927002]","[0.004175844136625528, 0.9958242177963257]"
NZ_JRKQ01000008,NZ_JRKQ01000008.1,25800,29799,4000,1,"[-1.0545928478240967, 1.2520331144332886]","[0.0905756950378418, 0.9094243049621582]"
NZ_JRKQ01000008,NZ_JRKQ01000008.1,25900,29899,4000,1,"[-2.9215569496154785, 3.2600016593933105]","[0.0020629388745874166, 0.9979370832443237]"
NZ_JRKQ01000008,NZ_JRKQ01000008.1,26000,29999,4000,1,"[-2.5832152366638184, 2.892885208129883]","[0.004168173298239708, 0.9958317875862122]"
NZ_JRKQ01000008,NZ_JRKQ01000008.1,26100,30099,4000,1,"[-2.7336690425872803, 3.0553836822509766]","[0.003051539184525609, 0.9969484210014343]"
NZ_JRKQ01000008,NZ_JRKQ01000008.1,26200,30199,4000,0,"[0.5591950416564941, -0.6715567111968994]","[0.7739501595497131, 0.22604988515377045]"
NZ_JRKQ01000008,NZ_JRKQ01000008.1,26300,30299,4000,0,"[3.122647762298584, -3.462873935699463]","[0.9986217021942139, 0.0013783047907054424]"
NZ_JRKQ01000008,NZ_JRKQ01000008.1,26400,30399,4000,0,"[2.284337043762207, -2.5453808307647705]","[0.9920744895935059, 0.00792546197772026]"
NZ_JRKQ01000008,NZ_JRKQ01000008.1,26500,30499,4000,0,"[1.9755760431289673, -2.2051453590393066]","[0.9849426746368408, 0.015057288110256195]"
NZ_JRKQ01000008,NZ_JRKQ01000008.1,26600,30599,4000,0,"[2.768004894256592, -3.0728211402893066]","[0.9971019625663757, 0.0028980178758502007]"
NZ_JRKQ01000008,NZ_JRKQ01000008.1,26700,30699,4000,0,"[3.163379430770874, -3.5062127113342285]","[0.9987327456474304, 0.0012673084856942296]"
NZ_JRKQ01000008,NZ_JRKQ01000008.1,26800,30799,4000,0,"[3.1585521697998047, -3.5018110275268555]","[0.9987209439277649, 0.0012790430337190628]"
NZ_JRKQ01000008,NZ_JRKQ01000008.1,26900,30899,4000,0,"[3.1619889736175537, -3.504530906677246]","[0.9987288117408752, 0.001271202345378697]"
NZ_JRKQ01000008,NZ_JRKQ01000008.1,27000,30999,4000,0,"[1.8139045238494873, -2.031803607940674]","[0.9790759086608887, 0.02092408761382103]"
NZ_JRKQ01000008,NZ_JRKQ01000008.1,27100,31099,4000,0,"[3.3665828704833984, -3.722992181777954]","[0.9991669654846191, 0.0008330572745762765]"
NZ_JRKQ01000008,NZ_JRKQ01000008.1,27200,31199,4000,1,"[-1.399093747138977, 1.4295884370803833]","[0.05579378828406334, 0.9442062973976135]"
NZ_JRKQ01000008,NZ_JRKQ01000008.1,27300,31299,4000,0,"[3.1871278285980225, -3.5289721488952637]","[0.9987902045249939, 0.0012097879080101848]"
NZ_JRKQ01000008,NZ_JRKQ01000008.1,27400,31399,4000,0,"[3.193427562713623, -3.5378670692443848]","[0.9988083839416504, 0.001191565883345902]"
NZ_JRKQ01000008,NZ_JRKQ01000008.1,27500,31499,4000,0,"[2.6759612560272217, -2.972071647644043]","[0.9964879751205444, 0.0035120639950037003]"
NZ_JRKQ01000008,NZ_JRKQ01000008.1,27600,31599,4000,0,"[2.9439191818237305, -3.2635059356689453]","[0.9979896545410156, 0.0020103680435568094]"
NZ_JRKQ01000008,NZ_JRKQ01000008.1,27700,31699,4000,0,"[3.0041654109954834, -3.330094337463379]","[0.9982287287712097, 0.0017713153501972556]"
NZ_JRKQ01000008,NZ_JRKQ01000008.1,27800,31799,4000,0,"[3.268333673477173, -3.618837833404541]","[0.9989802241325378, 0.001019755844026804]"
NZ_JRKQ01000008,NZ_JRKQ01000008.1,27900,31899,4000,0,"[2.980339765548706, -3.3000547885894775]","[0.9981308579444885, 0.001869161264039576]"
NZ_JRKQ01000008,NZ_JRKQ01000008.1,28000,31999,4000,0,"[3.320251941680908, -3.674266815185547]","[0.9990839958190918, 0.000916054064873606]"
NZ_JRKQ01000008,NZ_JRKQ01000008.1,28100,32099,4000,0,"[3.359708786010742, -3.7166309356689453]","[0.9991558790206909, 0.0008441467653028667]"
NZ_JRKQ01000008,NZ_JRKQ01000008.1,28200,32199,4000,0,"[3.0620758533477783, -3.401942253112793]","[0.9984439015388489, 0.0015560960164293647]"
NZ_JRKQ01000008,NZ_JRKQ01000008.1,28300,32299,4000,0,"[3.0254414081573486, -3.3612070083618164]","[0.9983188509941101, 0.001681059948168695]"
NZ_JRKQ01000008,NZ_JRKQ01000008.1,28400,32399,4000,0,"[3.004027843475342, -3.338819980621338]","[0.9982438087463379, 0.0017561953281983733]"
NZ_JRKQ01000008,NZ_JRKQ01000008.1,28500,32499,4000,0,"[2.919449806213379, -3.2465262413024902]","[0.9979047775268555, 0.0020952685736119747]"
NZ_JRKQ01000008,NZ_JRKQ01000008.1,28600,32599,4000,0,"[1.2182955741882324, -1.3881351947784424]","[0.9312742948532104, 0.06872569024562836]"
NZ_JRKQ01000008,NZ_JRKQ01000008.1,28700,32699,4000,1,"[-0.5244648456573486, 0.44659358263015747]","[0.2746695876121521, 0.7253304123878479]"
NZ_JRKQ01000008,NZ_JRKQ01000008.1,28800,32799,4000,0,"[1.4285184144973755, -1.616508960723877]","[0.9545673727989197, 0.04543264955282211]"
NZ_JRKQ01000008,NZ_JRKQ01000008.1,28900,32899,4000,0,"[1.257452130317688, -1.4308704137802124]","[0.9363340139389038, 0.06366594135761261]"
NZ_JRKQ01000008,NZ_JRKQ01000008.1,29000,32999,4000,0,"[2.5108470916748047, -2.8026318550109863]","[0.9950993657112122, 0.004900629632174969]"
NZ_JRKQ01000008,NZ_JRKQ01000008.1,29100,33099,4000,0,"[3.246325731277466, -3.5968949794769287]","[0.9989344477653503, 0.0010655259247869253]"
NZ_JRKQ01000008,NZ_JRKQ01000008.1,29200,33199,4000,0,"[3.4264121055603027, -3.784719944000244]","[0.999262273311615, 0.0007377761648967862]"
NZ_JRKQ01000008,NZ_JRKQ01000008.1,29300,33299,4000,0,"[3.39595890045166, -3.752246618270874]","[0.9992142915725708, 0.0007856558077037334]"
NZ_JRKQ01000008,NZ_JRKQ01000008.1,29400,33399,4000,0,"[3.4421098232269287, -3.801785469055176]","[0.9992859959602356, 0.0007140127127058804]"
NZ_JRKQ01000008,NZ_JRKQ01000008.1,29500,33499,4000,0,"[3.461251735687256, -3.8213748931884766]","[0.9993131160736084, 0.0006869055796414614]"
NZ_JRKQ01000008,NZ_JRKQ01000008.1,29600,33599,4000,0,"[3.4055652618408203, -3.7635154724121094]","[0.9992306232452393, 0.0007694378145970404]"
NZ_JRKQ01000008,NZ_JRKQ01000008.1,29700,33699,4000,0,"[3.312678813934326, -3.667264699935913]","[0.9990705847740173, 0.0009294913033954799]"
NZ_JRKQ01000008,NZ_JRKQ01000008.1,29800,33799,4000,0,"[3.230168342590332, -3.5790605545043945]","[0.9988976716995239, 0.001102327136322856]"
NZ_JRKQ01000008,NZ_JRKQ01000008.1,29900,33899,4000,0,"[3.089628219604492, -3.4262783527374268]","[0.9985224604606628, 0.0014775278978049755]"
NZ_JRKQ01000008,NZ_JRKQ01000008.1,30000,33999,4000,0,"[3.119318723678589, -3.4565510749816895]","[0.998608410358429, 0.0013916542520746589]"
NZ_JRKQ01000008,NZ_JRKQ01000008.1,30100,34099,4000,0,"[3.3412721157073975, -3.69583797454834]","[0.9991220831871033, 0.0008778905612416565]"
NZ_JRKQ01000008,NZ_JRKQ01000008.1,30200,34199,4000,0,"[3.390059471130371, -3.7486190795898438]","[0.9992068409919739, 0.0007931707077659667]"
NZ_JRKQ01000008,NZ_JRKQ01000008.1,30300,34299,4000,0,"[3.4461917877197266, -3.805490016937256]","[0.9992915391921997, 0.0007084787357598543]"
NZ_JRKQ01000008,NZ_JRKQ01000008.1,30400,34399,4000,0,"[3.4011025428771973, -3.759389638900757]","[0.9992239475250244, 0.0007760696462355554]"
NZ_JRKQ01000008,NZ_JRKQ01000008.1,30500,34499,4000,0,"[3.437007427215576, -3.796783447265625]","[0.999278724193573, 0.0007212588679976761]"
NZ_JRKQ01000008,NZ_JRKQ01000008.1,30600,34599,4000,0,"[3.247276782989502, -3.601263999938965]","[0.9989401698112488, 0.001059878384694457]"
NZ_JRKQ01000008,NZ_JRKQ01000008.1,30700,34699,4000,0,"[3.383251190185547, -3.741244077682495]","[0.9991955161094666, 0.0008044913411140442]"
NZ_JRKQ01000008,NZ_JRKQ01000008.1,30800,34799,4000,0,"[3.214860439300537, -3.5665781497955322]","[0.9988666772842407, 0.0011333553120493889]"
NZ_JRKQ01000008,NZ_JRKQ01000008.1,30900,34899,4000,0,"[3.435166358947754, -3.7961015701293945]","[0.9992769360542297, 0.0007230796036310494]"
NZ_JRKQ01000008,NZ_JRKQ01000008.1,31000,34999,4000,0,"[3.3090922832489014, -3.6686527729034424]","[0.9990684390068054, 0.000931534799747169]"
NZ_JRKQ01000008,NZ_JRKQ01000008.1,31100,35099,4000,0,"[3.2571372985839844, -3.6167750358581543]","[0.9989666938781738, 0.00103335315361619]"
NZ_JRKQ01000008,NZ_JRKQ01000008.1,31200,35199,4000,0,"[3.2455263137817383, -3.602454662322998]","[0.998939573764801, 0.0010604711715131998]"
NZ_JRKQ01000008,NZ_JRKQ01000008.1,31300,35299,4000,0,"[2.915790557861328, -3.2479076385498047]","[0.9979000091552734, 0.0021000367123633623]"
NZ_JRKQ01000008,NZ_JRKQ01000008.1,31400,35399,4000,0,"[2.9879000186920166, -3.3232192993164062]","[0.998187243938446, 0.0018127078656107187]"
NZ_JRKQ01000008,NZ_JRKQ01000008.1,31500,35499,4000,0,"[2.0365748405456543, -2.261488914489746]","[0.9865874648094177, 0.013412514701485634]"
NZ_JRKQ01000008,NZ_JRKQ01000008.1,31600,35599,4000,1,"[-0.01572767086327076, 0.005609114654362202]","[0.49466603994369507, 0.5053340196609497]"
NZ_JRKQ01000008,NZ_JRKQ01000008.1,31700,35699,4000,1,"[-2.916278839111328, 3.2493209838867188]","[0.002096055541187525, 0.9979039430618286]"
NZ_JRKQ01000008,NZ_JRKQ01000008.1,31800,35799,4000,1,"[-2.9340949058532715, 3.27258038520813]","[0.002011872362345457, 0.9979881048202515]"
NZ_JRKQ01000008,NZ_JRKQ01000008.1,31900,35899,4000,1,"[-3.1726744174957275, 3.5220470428466797]","[0.0012358975363895297, 0.998764157295227]"
NZ_JRKQ01000008,NZ_JRKQ01000008.1,32000,35999,4000,1,"[-3.1168212890625, 3.464961051940918]","[0.0013834612909704447, 0.9986165761947632]"
NZ_JRKQ01000008,NZ_JRKQ01000008.1,32100,36099,4000,1,"[-2.3311808109283447, 2.6213977336883545]","[0.0070156012661755085, 0.992984414100647]"
NZ_JRKQ01000008,NZ_JRKQ01000008.1,32200,36199,4000,1,"[-3.0490806102752686, 3.3931946754455566]","[0.0015902459854260087, 0.9984097480773926]"
NZ_JRKQ01000008,NZ_JRKQ01000008.1,32300,36299,4000,1,"[-3.0329649448394775, 3.3760342597961426]","[0.0016439642058685422, 0.99835604429245]"
NZ_JRKQ01000008,NZ_JRKQ01000008.1,32400,36399,4000,1,"[-3.1274454593658447, 3.4762349128723145]","[0.0013535356847569346, 0.9986464381217957]"
NZ_JRKQ01000008,NZ_JRKQ01000008.1,32500,36499,4000,1,"[-2.990576982498169, 3.332401752471924]","[0.001791374641470611, 0.9982086420059204]"
NZ_JRKQ01000008,NZ_JRKQ01000008.1,32600,36599,4000,1,"[-3.033071279525757, 3.375828266143799]","[0.00164412846788764, 0.9983558058738708]"
NZ_JRKQ01000008,NZ_JRKQ01000008.1,32700,36699,4000,1,"[-2.8298966884613037, 3.157870292663574]","[0.0025029797106981277, 0.997497022151947]"
NZ_JRKQ01000008,NZ_JRKQ01000008.1,32800,36799,4000,1,"[-2.8602616786956787, 3.191829204559326]","[0.002347414381802082, 0.9976525902748108]"
NZ_JRKQ01000008,NZ_JRKQ01000008.1,32900,36899,4000,1,"[-2.7504889965057373, 3.074410915374756]","[0.002944405423477292, 0.9970556497573853]"
NZ_JRKQ01000008,NZ_JRKQ01000008.1,33000,36999,4000,1,"[-2.099318504333496, 2.380647897720337]","[0.01120678149163723, 0.9887931942939758]"
NZ_JRKQ01000008,NZ_JRKQ01000008.1,33100,37099,4000,1,"[-2.5064711570739746, 2.814573049545288]","[0.004863875452429056, 0.9951360821723938]"
NZ_JRKQ01000008,NZ_JRKQ01000008.1,33200,37199,4000,1,"[-2.095163345336914, 2.3792216777801514]","[0.011268792673945427, 0.9887312054634094]"
NZ_JRKQ01000008,NZ_JRKQ01000008.1,33300,37299,4000,1,"[-1.8407059907913208, 2.0907325744628906]","[0.019238073378801346, 0.9807619452476501]"
NZ_JRKQ01000008,NZ_JRKQ01000008.1,33400,37399,4000,0,"[1.0579510927200317, -1.2293914556503296]","[0.9078233242034912, 0.09217668324708939]"
NZ_JRKQ01000008,NZ_JRKQ01000008.1,33500,37499,4000,0,"[1.2869226932525635, -1.4855643510818481]","[0.941170871257782, 0.05882915481925011]"
NZ_JRKQ01000008,NZ_JRKQ01000008.1,33600,37599,4000,0,"[2.9898123741149902, -3.3154454231262207]","[0.9981766939163208, 0.001823344500735402]"
NZ_JRKQ01000008,NZ_JRKQ01000008.1,33700,37699,4000,0,"[3.3803482055664062, -3.738527297973633]","[0.9991909861564636, 0.0008090217015706003]"
NZ_JRKQ01000008,NZ_JRKQ01000008.1,33800,37799,4000,0,"[2.638495922088623, -2.9405221939086914]","[0.9962378740310669, 0.0037620647344738245]"
NZ_JRKQ01000008,NZ_JRKQ01000008.1,33900,37899,4000,0,"[3.3206827640533447, -3.6771445274353027]","[0.9990869760513306, 0.0009130307589657605]"
NZ_JRKQ01000008,NZ_JRKQ01000008.1,34000,37999,4000,0,"[3.32708740234375, -3.683725357055664]","[0.9990987777709961, 0.000901262101251632]"
NZ_JRKQ01000008,NZ_JRKQ01000008.1,34100,38099,4000,0,"[3.4226536750793457, -3.782721996307373]","[0.9992579817771912, 0.0007420321926474571]"
NZ_JRKQ01000008,NZ_JRKQ01000008.1,34200,38199,4000,0,"[3.4232449531555176, -3.781118869781494]","[0.9992571473121643, 0.0007427827222272754]"
NZ_JRKQ01000008,NZ_JRKQ01000008.1,34300,38299,4000,0,"[3.4610068798065186, -3.820246696472168]","[0.999312162399292, 0.0006878485437482595]"
NZ_JRKQ01000008,NZ_JRKQ01000008.1,34400,38399,4000,0,"[3.3986454010009766, -3.7560291290283203]","[0.9992194175720215, 0.0007805940113030374]"
NZ_JRKQ01000008,NZ_JRKQ01000008.1,34500,38499,4000,0,"[3.193033456802368, -3.5369062423706055]","[0.9988068342208862, 0.0011931798653677106]"
NZ_JRKQ01000008,NZ_JRKQ01000008.1,34600,38599,4000,0,"[3.081064462661743, -3.4145257472991943]","[0.9984921216964722, 0.0015078067081049085]"
NZ_JRKQ01000008,NZ_JRKQ01000008.1,34700,38699,4000,0,"[1.21219801902771, -1.3790695667266846]","[0.9302974939346313, 0.06970254331827164]"
NZ_JRKQ01000008,NZ_JRKQ01000008.1,34800,38799,4000,0,"[0.9221563339233398, -1.0793280601501465]","[0.8809528350830078, 0.11904716491699219]"
NZ_JRKQ01000008,NZ_JRKQ01000008.1,34900,38899,4000,1,"[-2.145259380340576, 2.415895938873291]","[0.010341905988752842, 0.9896580576896667]"
NZ_JRKQ01000008,NZ_JRKQ01000008.1,35000,38999,4000,1,"[-2.774995803833008, 3.100799322128296]","[0.0027987065259367228, 0.9972013235092163]"
NZ_JRKQ01000008,NZ_JRKQ01000008.1,35100,39099,4000,1,"[-2.4177417755126953, 2.7247307300567627]","[0.005809280555695295, 0.9941906929016113]"
NZ_JRKQ01000008,NZ_JRKQ01000008.1,35200,39199,4000,1,"[-1.7660971879959106, 2.0113468170166016]","[0.022369269281625748, 0.9776306748390198]"
NZ_JRKQ01000008,NZ_JRKQ01000008.1,35300,39299,4000,1,"[-0.1589040458202362, 0.11754253506660461]","[0.43132516741752625, 0.5686748623847961]"
NZ_JRKQ01000008,NZ_JRKQ01000008.1,35400,39399,4000,0,"[1.5940300226211548, -1.7404394149780273]","[0.965592622756958, 0.03440743312239647]"
NZ_JRKQ01000008,NZ_JRKQ01000008.1,35500,39499,4000,0,"[3.2187585830688477, -3.566481828689575]","[0.9988709092140198, 0.0011290599359199405]"
NZ_JRKQ01000008,NZ_JRKQ01000008.1,35600,39599,4000,0,"[3.2797255516052246, -3.6287498474121094]","[0.999001681804657, 0.0009982825722545385]"
NZ_JRKQ01000008,NZ_JRKQ01000008.1,35700,39699,4000,0,"[1.0380479097366333, -1.1980384588241577]","[0.9034436345100403, 0.0965564027428627]"
NZ_JRKQ01000008,NZ_JRKQ01000008.1,35800,39799,4000,0,"[0.43389594554901123, -0.565565288066864]","[0.7309526205062866, 0.269047349691391]"
NZ_JRKQ01000008,NZ_JRKQ01000008.1,35900,39899,4000,1,"[-2.621610641479492, 2.9395461082458496]","[0.0038296044804155827, 0.9961703419685364]"
NZ_JRKQ01000008,NZ_JRKQ01000008.1,36000,39999,4000,1,"[-2.630685806274414, 2.94953989982605]","[0.0037575410678982735, 0.9962425231933594]"
NZ_JRKQ01000008,NZ_JRKQ01000008.1,36100,40099,4000,1,"[-2.52009916305542, 2.8314502239227295]","[0.0047184317372739315, 0.9952815175056458]"
NZ_JRKQ01000008,NZ_JRKQ01000008.1,36200,40199,4000,1,"[-2.6458184719085693, 2.9656424522399902]","[0.0036424100399017334, 0.9963576197624207]"
NZ_JRKQ01000008,NZ_JRKQ01000008.1,36300,40299,4000,1,"[-2.7822794914245605, 3.1113877296447754]","[0.002749268664047122, 0.9972507357597351]"
NZ_JRKQ01000008,NZ_JRKQ01000008.1,36400,40399,4000,1,"[-2.7186574935913086, 3.0430521965026855]","[0.003135864157229662, 0.9968641400337219]"
NZ_JRKQ01000008,NZ_JRKQ01000008.1,36500,40499,4000,1,"[-2.751737594604492, 3.077345848083496]","[0.0029321485199034214, 0.9970678687095642]"
NZ_JRKQ01000008,NZ_JRKQ01000008.1,36600,40599,4000,1,"[-2.8685975074768066, 3.2034239768981934]","[0.0023011984303593636, 0.9976988434791565]"
NZ_JRKQ01000008,NZ_JRKQ01000008.1,36700,40699,4000,1,"[-2.064577341079712, 2.340242624282837]","[0.012070819735527039, 0.987929105758667]"
NZ_JRKQ01000008,NZ_JRKQ01000008.1,36800,40799,4000,0,"[2.400973320007324, -2.671022891998291]","[0.993769109249115, 0.006230824626982212]"
NZ_JRKQ01000008,NZ_JRKQ01000008.1,36900,40899,4000,0,"[2.949233293533325, -3.273906707763672]","[0.9980208873748779, 0.001979084685444832]"
NZ_JRKQ01000008,NZ_JRKQ01000008.1,37000,40999,4000,0,"[3.300232410430908, -3.653449058532715]","[0.9990457892417908, 0.0009542010957375169]"
NZ_JRKQ01000008,NZ_JRKQ01000008.1,37100,41099,4000,0,"[3.339956760406494, -3.6956236362457275]","[0.9991207718849182, 0.0008792332955636084]"
NZ_JRKQ01000008,NZ_JRKQ01000008.1,37200,41199,4000,0,"[3.4016900062561035, -3.7585830688476562]","[0.9992237091064453, 0.0007762393797747791]"
NZ_JRKQ01000008,NZ_JRKQ01000008.1,37300,41299,4000,0,"[3.322899103164673, -3.6768972873687744]","[0.9990887641906738, 0.0009112365660257638]"
NZ_JRKQ01000008,NZ_JRKQ01000008.1,37400,41399,4000,0,"[3.258103609085083, -3.609689235687256]","[0.9989602565765381, 0.0010396892903372645]"
NZ_JRKQ01000008,NZ_JRKQ01000008.1,37500,41499,4000,0,"[2.8574390411376953, -3.175387382507324]","[0.9976069927215576, 0.0023929644376039505]"
NZ_JRKQ01000008,NZ_JRKQ01000008.1,37600,41599,4000,0,"[1.682146668434143, -1.8945378065109253]","[0.9727926850318909, 0.027207333594560623]"
NZ_JRKQ01000008,NZ_JRKQ01000008.1,37700,41699,4000,1,"[-2.259467124938965, 2.561948537826538]","[0.00799100287258625, 0.9920090436935425]"
NZ_JRKQ01000008,NZ_JRKQ01000008.1,37800,41799,4000,1,"[-2.0255088806152344, 2.3169562816619873]","[0.012837483547627926, 0.9871625304222107]"
NZ_JRKQ01000008,NZ_JRKQ01000008.1,37900,41899,4000,1,"[-2.435304641723633, 2.7457516193389893]","[0.005590635817497969, 0.9944093823432922]"
NZ_JRKQ01000008,NZ_JRKQ01000008.1,38000,41999,4000,1,"[-1.6734029054641724, 1.7932305335998535]","[0.030276671051979065, 0.9697232842445374]"
NZ_JRKQ01000008,NZ_JRKQ01000008.1,38100,42099,4000,1,"[-1.698607325553894, 1.7963714599609375]","[0.029455434530973434, 0.9705445766448975]"
NZ_JRKQ01000008,NZ_JRKQ01000008.1,38200,42199,4000,1,"[-1.5951220989227295, 1.6985249519348145]","[0.03578978031873703, 0.9642102718353271]"
NZ_JRKQ01000008,NZ_JRKQ01000008.1,38300,42299,4000,1,"[-0.4006502330303192, 0.38083121180534363]","[0.31400066614151, 0.6859992742538452]"
NZ_JRKQ01000008,NZ_JRKQ01000008.1,38400,42399,4000,0,"[2.2773008346557617, -2.5360262393951416]","[0.9919446110725403, 0.008055382408201694]"
NZ_JRKQ01000008,NZ_JRKQ01000008.1,38500,42499,4000,1,"[-1.6507247686386108, 1.8842204809188843]","[0.02833412028849125, 0.9716658592224121]"
NZ_JRKQ01000008,NZ_JRKQ01000008.1,38600,42599,4000,0,"[2.2168054580688477, -2.4790961742401123]","[0.9909500479698181, 0.0090499771758914]"
NZ_JRKQ01000008,NZ_JRKQ01000008.1,38700,42699,4000,0,"[0.25065869092941284, -0.3044212758541107]","[0.6353133916854858, 0.36468663811683655]"
NZ_JRKQ01000008,NZ_JRKQ01000008.1,38800,42799,4000,0,"[1.1637030839920044, -1.2969701290130615]","[0.9213384389877319, 0.07866152375936508]"
NZ_JRKQ01000008,NZ_JRKQ01000008.1,38900,42899,4000,1,"[-2.1781115531921387, 2.477999687194824]","[0.009413883090019226, 0.9905861020088196]"
NZ_JRKQ01000008,NZ_JRKQ01000008.1,39000,42999,4000,1,"[-2.2754623889923096, 2.5755457878112793]","[0.0077598015777766705, 0.9922401905059814]"
NZ_JRKQ01000008,NZ_JRKQ01000008.1,39100,43099,4000,1,"[-2.6706299781799316, 2.9893593788146973]","[0.003470467636361718, 0.9965295195579529]"
NZ_JRKQ01000008,NZ_JRKQ01000008.1,39200,43199,4000,1,"[-2.4208688735961914, 2.726221799850464]","[0.005782666150480509, 0.9942172765731812]"
NZ_JRKQ01000008,NZ_JRKQ01000008.1,39300,43299,4000,1,"[-2.8639755249023438, 3.1973471641540527]","[0.002325893146917224, 0.9976741671562195]"
NZ_JRKQ01000008,NZ_JRKQ01000008.1,39400,43399,4000,1,"[-2.760265827178955, 3.0872936248779297]","[0.0028786256443709135, 0.9971213936805725]"
NZ_JRKQ01000008,NZ_JRKQ01000008.1,39500,43499,4000,1,"[-2.3350090980529785, 2.6388299465179443]","[0.0068690357729792595, 0.9931309819221497]"
NZ_JRKQ01000008,NZ_JRKQ01000008.1,39600,43599,4000,1,"[-2.3337128162384033, 2.6371283531188965]","[0.006889513693749905, 0.9931105375289917]"
NZ_JRKQ01000008,NZ_JRKQ01000008.1,39700,43699,4000,1,"[-1.3152797222137451, 1.344489574432373]","[0.06538943201303482, 0.9346105456352234]"
NZ_JRKQ01000008,NZ_JRKQ01000008.1,39800,43799,4000,1,"[-1.8627508878707886, 1.9787625074386597]","[0.021010195836424828, 0.9789897799491882]"
NZ_JRKQ01000008,NZ_JRKQ01000008.1,39900,43899,4000,1,"[-1.5661485195159912, 1.5909569263458252]","[0.040812212973833084, 0.9591877460479736]"
NZ_JRKQ01000008,NZ_JRKQ01000008.1,40000,43999,4000,1,"[-1.9240623712539673, 2.106205463409424]","[0.0174593273550272, 0.9825406670570374]"
NZ_JRKQ01000008,NZ_JRKQ01000008.1,40100,44099,4000,0,"[0.18264815211296082, -0.3290223479270935]","[0.6251980066299438, 0.37480202317237854]"
NZ_JRKQ01000008,NZ_JRKQ01000008.1,40200,44199,4000,0,"[1.3056055307388306, -1.4803276062011719]","[0.9419109225273132, 0.058089081197977066]"
NZ_JRKQ01000008,NZ_JRKQ01000008.1,40300,44299,4000,0,"[2.5953378677368164, -2.8819808959960938]","[0.9958368539810181, 0.004163119476288557]"
NZ_JRKQ01000008,NZ_JRKQ01000008.1,40400,44399,4000,0,"[3.136591911315918, -3.473067045211792]","[0.9986544847488403, 0.0013454784639179707]"
NZ_JRKQ01000008,NZ_JRKQ01000008.1,40500,44499,4000,0,"[3.19034481048584, -3.532299518585205]","[0.998798131942749, 0.0012019056593999267]"
NZ_JRKQ01000008,NZ_JRKQ01000008.1,40600,44599,4000,0,"[3.011218547821045, -3.333651542663574]","[0.9982473850250244, 0.0017526537412777543]"
NZ_JRKQ01000008,NZ_JRKQ01000008.1,40700,44699,4000,0,"[3.272397994995117, -3.622415542602539]","[0.9989879727363586, 0.0010120007209479809]"
NZ_JRKQ01000008,NZ_JRKQ01000008.1,40800,44799,4000,0,"[2.6671977043151855, -2.963202714920044]","[0.9964256882667542, 0.0035743163898587227]"
NZ_JRKQ01000008,NZ_JRKQ01000008.1,40900,44899,4000,1,"[-1.4974116086959839, 1.616418719291687]","[0.042540356516838074, 0.957459568977356]"
NZ_JRKQ01000008,NZ_JRKQ01000008.1,41000,44999,4000,0,"[1.9325885772705078, -2.1704320907592773]","[0.9837459325790405, 0.016254128888249397]"
NZ_JRKQ01000008,NZ_JRKQ01000008.1,41100,45099,4000,0,"[3.1297435760498047, -3.469632387161255]","[0.9986405968666077, 0.0013593671610578895]"
NZ_JRKQ01000008,NZ_JRKQ01000008.1,41200,45199,4000,0,"[2.5618038177490234, -2.8492393493652344]","[0.9955528378486633, 0.004447112325578928]"
NZ_JRKQ01000008,NZ_JRKQ01000008.1,41300,45299,4000,0,"[3.013977527618408, -3.3445796966552734]","[0.998271107673645, 0.0017288693925365806]"
NZ_JRKQ01000008,NZ_JRKQ01000008.1,41400,45399,4000,0,"[2.777054786682129, -3.083221197128296]","[0.9971576929092407, 0.002842354355379939]"
NZ_JRKQ01000008,NZ_JRKQ01000008.1,41500,45499,4000,0,"[3.032086133956909, -3.3674163818359375]","[0.998340368270874, 0.001659624744206667]"
NZ_JRKQ01000008,NZ_JRKQ01000008.1,41600,45599,4000,0,"[2.85986065864563, -3.1773200035095215]","[0.9976174235343933, 0.0023825918324291706]"
NZ_JRKQ01000008,NZ_JRKQ01000008.1,41700,45699,4000,0,"[2.317639112472534, -2.580655097961426]","[0.9925959706306458, 0.007404065690934658]"
NZ_JRKQ01000008,NZ_JRKQ01000008.1,41800,45799,4000,0,"[2.947017192840576, -3.273536205291748]","[0.9980157613754272, 0.0019841997418552637]"
NZ_JRKQ01000008,NZ_JRKQ01000008.1,41900,45899,4000,0,"[2.5889809131622314, -2.878486156463623]","[0.9957958459854126, 0.004204161930829287]"
NZ_JRKQ01000008,NZ_JRKQ01000008.1,42000,45999,4000,0,"[2.9093475341796875, -3.2319400310516357]","[0.9978524446487427, 0.0021475283429026604]"
NZ_JRKQ01000008,NZ_JRKQ01000008.1,42100,46099,4000,0,"[2.3276023864746094, -2.592817544937134]","[0.9927567839622498, 0.0072432211600244045]"
NZ_JRKQ01000008,NZ_JRKQ01000008.1,42200,46199,4000,0,"[2.9751744270324707, -3.3060734272003174]","[0.9981324076652527, 0.0018675694009289145]"
NZ_JRKQ01000008,NZ_JRKQ01000008.1,42300,46299,4000,0,"[3.3226912021636963, -3.677581787109375]","[0.999089241027832, 0.0009108029771596193]"
NZ_JRKQ01000008,NZ_JRKQ01000008.1,42400,46399,4000,0,"[3.2858972549438477, -3.6399588584899902]","[0.9990189075469971, 0.0009810985065996647]"
NZ_JRKQ01000008,NZ_JRKQ01000008.1,42500,46499,4000,0,"[3.2332074642181396, -3.5809807777404785]","[0.9989031553268433, 0.0010968800634145737]"
NZ_JRKQ01000008,NZ_JRKQ01000008.1,42600,46599,4000,0,"[2.919961452484131, -3.236267566680908]","[0.997884213924408, 0.002115747658535838]"
NZ_JRKQ01000008,NZ_JRKQ01000008.1,42700,46699,4000,0,"[2.6742072105407715, -2.9689407348632812]","[0.9964708089828491, 0.003529202425852418]"
NZ_JRKQ01000008,NZ_JRKQ01000008.1,42800,46799,4000,0,"[1.2370758056640625, -1.4143471717834473]","[0.9340986013412476, 0.06590135395526886]"
NZ_JRKQ01000008,NZ_JRKQ01000008.1,42900,46899,4000,1,"[-2.0845983028411865, 2.3216981887817383]","[0.012053223326802254, 0.9879468083381653]"
NZ_JRKQ01000008,NZ_JRKQ01000008.1,43000,46999,4000,0,"[3.196929454803467, -3.544224262237549]","[0.9988201260566711, 0.0011798897758126259]"
NZ_JRKQ01000008,NZ_JRKQ01000008.1,43100,47099,4000,0,"[3.4549570083618164, -3.8142893314361572]","[0.9993038177490234, 0.0006961519829928875]"
NZ_JRKQ01000008,NZ_JRKQ01000008.1,43200,47199,4000,0,"[3.374443769454956, -3.7311782836914062]","[0.9991801381111145, 0.0008198062423616648]"
NZ_JRKQ01000008,NZ_JRKQ01000008.1,43300,47299,4000,0,"[3.410067558288574, -3.7696166038513184]","[0.9992387294769287, 0.000761328439693898]"
NZ_JRKQ01000008,NZ_JRKQ01000008.1,43400,47399,4000,0,"[3.458712100982666, -3.8192055225372314]","[0.9993098974227905, 0.000690145418047905]"
NZ_JRKQ01000008,NZ_JRKQ01000008.1,43500,47499,4000,0,"[3.4811363220214844, -3.8405561447143555]","[0.9993394017219543, 0.0006606057868339121]"
NZ_JRKQ01000008,NZ_JRKQ01000008.1,43600,47599,4000,0,"[3.444237232208252, -3.803945541381836]","[0.9992890357971191, 0.0007109602447599173]"
NZ_JRKQ01000008,NZ_JRKQ01000008.1,43700,47699,4000,0,"[3.4879212379455566, -3.8467533588409424]","[0.9993478655815125, 0.0006520904717035592]"
NZ_JRKQ01000008,NZ_JRKQ01000008.1,43800,47799,4000,0,"[3.4924449920654297, -3.8510115146636963]","[0.9993535876274109, 0.0006463929894380271]"
NZ_JRKQ01000008,NZ_JRKQ01000008.1,43900,47899,4000,0,"[3.4998955726623535, -3.8591623306274414]","[0.9993636012077332, 0.0006363928550854325]"
NZ_JRKQ01000008,NZ_JRKQ01000008.1,44000,47999,4000,0,"[3.44800066947937, -3.807621955871582]","[0.9992942810058594, 0.0007056939648464322]"
NZ_JRKQ01000008,NZ_JRKQ01000008.1,44100,48099,4000,0,"[3.4025278091430664, -3.7609667778015137]","[0.9992262125015259, 0.0007737446576356888]"
NZ_JRKQ01000008,NZ_JRKQ01000008.1,44200,48199,4000,0,"[3.483333110809326, -3.8415565490722656]","[0.9993414282798767, 0.000658498436678201]"
NZ_JRKQ01000008,NZ_JRKQ01000008.1,44300,48299,4000,0,"[3.415102005004883, -3.7733511924743652]","[0.999245285987854, 0.0007546864217147231]"
NZ_JRKQ01000008,NZ_JRKQ01000008.1,44400,48399,4000,0,"[3.3503079414367676, -3.706240653991699]","[0.9991389513015747, 0.0008610051590949297]"
NZ_JRKQ01000008,NZ_JRKQ01000008.1,44500,48499,4000,0,"[3.134705066680908, -3.476276397705078]","[0.9986562728881836, 0.0013437028974294662]"
NZ_JRKQ01000008,NZ_JRKQ01000008.1,44600,48599,4000,0,"[1.8787893056869507, -2.1004889011383057]","[0.9816440939903259, 0.018355894833803177]"
NZ_JRKQ01000008,NZ_JRKQ01000008.1,44700,48699,4000,0,"[1.6712838411331177, -1.873478651046753]","[0.9719349145889282, 0.028065083548426628]"
NZ_JRKQ01000008,NZ_JRKQ01000008.1,44800,48799,4000,0,"[2.7774345874786377, -3.092212438583374]","[0.9971840977668762, 0.0028159180656075478]"
NZ_JRKQ01000008,NZ_JRKQ01000008.1,44900,48899,4000,0,"[2.6368539333343506, -2.9405810832977295]","[0.9962319731712341, 0.003768002847209573]"
NZ_JRKQ01000008,NZ_JRKQ01000008.1,45000,48999,4000,1,"[-1.787287950515747, 2.018568992614746]","[0.021756267175078392, 0.9782437086105347]"
NZ_JRKQ01000008,NZ_JRKQ01000008.1,45100,49099,4000,1,"[-1.8933711051940918, 2.1537976264953613]","[0.017171751707792282, 0.9828282594680786]"
NZ_JRKQ01000008,NZ_JRKQ01000008.1,45200,49199,4000,1,"[-1.378811240196228, 1.430182695388794]","[0.05684009939432144, 0.9431599378585815]"
NZ_JRKQ01000008,NZ_JRKQ01000008.1,45300,49299,4000,1,"[-2.0110602378845215, 2.272021770477295]","[0.013612215407192707, 0.9863878488540649]"
NZ_JRKQ01000008,NZ_JRKQ01000008.1,45400,49399,4000,1,"[-2.744981050491333, 3.068819522857666]","[0.0029771688859909773, 0.997022807598114]"
NZ_JRKQ01000008,NZ_JRKQ01000008.1,45500,49499,4000,1,"[-2.9217209815979004, 3.259561061859131]","[0.002063508378341794, 0.997936487197876]"
NZ_JRKQ01000008,NZ_JRKQ01000008.1,45600,49599,4000,1,"[-3.0907211303710938, 3.442519426345825]","[0.0014521739212796092, 0.9985478520393372]"
NZ_JRKQ01000008,NZ_JRKQ01000008.1,45700,49699,4000,1,"[-3.1842918395996094, 3.5386533737182617]","[0.0012015445390716195, 0.9987984895706177]"
NZ_JRKQ01000008,NZ_JRKQ01000008.1,45800,49799,4000,1,"[-3.1246814727783203, 3.475801944732666]","[0.0013578643556684256, 0.9986421465873718]"
NZ_JRKQ01000008,NZ_JRKQ01000008.1,45900,49899,4000,1,"[-3.1395726203918457, 3.4923806190490723]","[0.0013158532092347741, 0.9986841082572937]"
NZ_JRKQ01000008,NZ_JRKQ01000008.1,46000,49999,4000,1,"[-3.243030071258545, 3.5953497886657715]","[0.001070690923370421, 0.9989293217658997]"
NZ_JRKQ01000008,NZ_JRKQ01000008.1,46100,50099,4000,1,"[-3.0343408584594727, 3.3811774253845215]","[0.0016332997474819422, 0.99836665391922]"
NZ_JRKQ01000008,NZ_JRKQ01000008.1,46200,50199,4000,1,"[-2.516324520111084, 2.80867338180542]","[0.004844774957746267, 0.9951552152633667]"
NZ_JRKQ01000008,NZ_JRKQ01000008.1,46300,50299,4000,1,"[-0.795942485332489, 0.8284392356872559]","[0.16460146009922028, 0.8353985548019409]"
NZ_JRKQ01000008,NZ_JRKQ01000008.1,46400,50399,4000,1,"[-2.1691789627075195, 2.413325548171997]","[0.010125669650733471, 0.9898743629455566]"
NZ_JRKQ01000008,NZ_JRKQ01000008.1,46500,50499,4000,1,"[-1.7714589834213257, 1.907097339630127]","[0.024637095630168915, 0.9753629565238953]"
NZ_JRKQ01000008,NZ_JRKQ01000008.1,46600,50599,4000,0,"[2.175494432449341, -2.4254860877990723]","[0.9900578856468201, 0.009942143224179745]"
NZ_JRKQ01000008,NZ_JRKQ01000008.1,46700,50699,4000,1,"[-1.837293267250061, 2.0096960067749023]","[0.02089785970747471, 0.9791020750999451]"
NZ_JRKQ01000008,NZ_JRKQ01000008.1,46800,50799,4000,0,"[1.3984516859054565, -1.5869529247283936]","[0.9519103169441223, 0.04808961972594261]"
NZ_JRKQ01000008,NZ_JRKQ01000008.1,46900,50899,4000,0,"[1.5849308967590332, -1.7833973169326782]","[0.9666998982429504, 0.03330008685588837]"
NZ_JRKQ01000008,NZ_JRKQ01000008.1,47000,50999,4000,1,"[-2.5936732292175293, 2.90165376663208]","[0.004089124035090208, 0.9959108829498291]"
NZ_JRKQ01000008,NZ_JRKQ01000008.1,47100,51099,4000,1,"[-1.6042802333831787, 1.7830889225006104]","[0.032692551612854004, 0.967307448387146]"
NZ_JRKQ01000008,NZ_JRKQ01000008.1,47200,51199,4000,0,"[3.0478196144104004, -3.3745603561401367]","[0.998377799987793, 0.0016221489058807492]"
NZ_JRKQ01000008,NZ_JRKQ01000008.1,47300,51299,4000,0,"[3.3584067821502686, -3.7143192291259766]","[0.9991527795791626, 0.0008471999317407608]"
NZ_JRKQ01000008,NZ_JRKQ01000008.1,47400,51399,4000,0,"[3.0841078758239746, -3.4175829887390137]","[0.9985014200210571, 0.001498649944551289]"
NZ_JRKQ01000008,NZ_JRKQ01000008.1,47500,51499,4000,0,"[3.3655405044555664, -3.7222740650177]","[0.9991655349731445, 0.0008345239330083132]"
NZ_JRKQ01000008,NZ_JRKQ01000008.1,47600,51599,4000,0,"[3.342186450958252, -3.6984143257141113]","[0.9991251826286316, 0.0008748343680053949]"
NZ_JRKQ01000008,NZ_JRKQ01000008.1,47700,51699,4000,0,"[3.4614455699920654, -3.8224377632141113]","[0.9993139505386353, 0.0006860435823909938]"
NZ_JRKQ01000008,NZ_JRKQ01000008.1,47800,51799,4000,0,"[3.493767499923706, -3.8535115718841553]","[0.9993560910224915, 0.0006439283024519682]"
NZ_JRKQ01000008,NZ_JRKQ01000008.1,47900,51899,4000,0,"[3.4994773864746094, -3.859038829803467]","[0.9993632435798645, 0.0006367374444380403]"
NZ_JRKQ01000008,NZ_JRKQ01000008.1,48000,51999,4000,0,"[3.4974217414855957, -3.856199026107788]","[0.9993601441383362, 0.0006398604018613696]"
NZ_JRKQ01000008,NZ_JRKQ01000008.1,48100,52099,4000,0,"[3.5019493103027344, -3.8600425720214844]","[0.999365508556366, 0.0006345296278595924]"
NZ_JRKQ01000008,NZ_JRKQ01000008.1,48200,52199,4000,0,"[3.509263515472412, -3.8667654991149902]","[0.9993743300437927, 0.000625690387096256]"
NZ_JRKQ01000008,NZ_JRKQ01000008.1,48300,52299,4000,0,"[3.501344680786133, -3.8596787452697754]","[0.9993649125099182, 0.000635144067928195]"
NZ_JRKQ01000008,NZ_JRKQ01000008.1,48400,52399,4000,0,"[3.445553779602051, -3.804111957550049]","[0.9992901086807251, 0.0007099075010046363]"
NZ_JRKQ01000008,NZ_JRKQ01000008.1,48500,52499,4000,0,"[3.2855546474456787, -3.6375083923339844]","[0.9990161657333374, 0.0009838396217674017]"
NZ_JRKQ01000008,NZ_JRKQ01000008.1,48600,52599,4000,0,"[3.3893649578094482, -3.748152732849121]","[0.9992058873176575, 0.0007940911455079913]"
NZ_JRKQ01000008,NZ_JRKQ01000008.1,48700,52699,4000,0,"[3.477954626083374, -3.8382391929626465]","[0.9993357062339783, 0.0006642459193244576]"
NZ_JRKQ01000008,NZ_JRKQ01000008.1,48800,52799,4000,0,"[3.4796204566955566, -3.840247631072998]","[0.9993382096290588, 0.000661811325699091]"
NZ_JRKQ01000008,NZ_JRKQ01000008.1,48900,52899,4000,0,"[3.483393669128418, -3.8439579010009766]","[0.9993430972099304, 0.0006568803219124675]"
NZ_JRKQ01000008,NZ_JRKQ01000008.1,49000,52999,4000,0,"[3.489349365234375, -3.8489856719970703]","[0.9993502497673035, 0.0006497096619568765]"
NZ_JRKQ01000008,NZ_JRKQ01000008.1,49100,53099,4000,0,"[3.5031981468200684, -3.8620357513427734]","[0.9993675351142883, 0.0006324770511128008]"
NZ_JRKQ01000008,NZ_JRKQ01000008.1,49200,53199,4000,0,"[3.5059406757354736, -3.8642401695251465]","[0.9993706345558167, 0.0006293578189797699]"
NZ_JRKQ01000008,NZ_JRKQ01000008.1,49300,53299,4000,0,"[3.5063087940216064, -3.865131378173828]","[0.9993714690208435, 0.0006285664858296514]"
NZ_JRKQ01000008,NZ_JRKQ01000008.1,49400,53399,4000,0,"[3.4986860752105713, -3.8587679862976074]","[0.9993626475334167, 0.0006374135846272111]"
NZ_JRKQ01000008,NZ_JRKQ01000008.1,49500,53499,4000,0,"[3.4999828338623047, -3.859611988067627]","[0.9993639588356018, 0.000636051467154175]"
NZ_JRKQ01000008,NZ_JRKQ01000008.1,49600,53599,4000,0,"[3.500638961791992, -3.8596529960632324]","[0.99936443567276, 0.0006356085068546236]"
NZ_JRKQ01000008,NZ_JRKQ01000008.1,49700,53699,4000,0,"[3.505239248275757, -3.8645005226135254]","[0.9993703961372375, 0.000629635585937649]"
NZ_JRKQ01000008,NZ_JRKQ01000008.1,49800,53799,4000,0,"[3.4979724884033203, -3.857363224029541]","[0.9993612170219421, 0.0006387645262293518]"
NZ_JRKQ01000008,NZ_JRKQ01000008.1,49900,53899,4000,0,"[3.5021839141845703, -3.8620569705963135]","[0.9993669390678406, 0.000633105228189379]"
NZ_JRKQ01000008,NZ_JRKQ01000008.1,50000,53999,4000,0,"[3.494689464569092, -3.855142116546631]","[0.9993577599525452, 0.0006422878359444439]"
NZ_JRKQ01000008,NZ_JRKQ01000008.1,50100,54099,4000,0,"[3.4918370246887207, -3.8530592918395996]","[0.9993545413017273, 0.0006454634713009]"
NZ_JRKQ01000008,NZ_JRKQ01000008.1,50200,54199,4000,0,"[3.4833173751831055, -3.844775676727295]","[0.9993435740470886, 0.0006563937640748918]"
NZ_JRKQ01000008,NZ_JRKQ01000008.1,50300,54299,4000,0,"[3.4815175533294678, -3.842883825302124]","[0.9993411898612976, 0.0006588198011741042]"
NZ_JRKQ01000008,NZ_JRKQ01000008.1,50400,54399,4000,0,"[3.470963478088379, -3.833303928375244]","[0.9993277788162231, 0.0006722099496982992]"
NZ_JRKQ01000008,NZ_JRKQ01000008.1,50500,54499,4000,0,"[3.4765419960021973, -3.839475154876709]","[0.9993355870246887, 0.0006643630913458765]"
NZ_JRKQ01000008,NZ_JRKQ01000008.1,50600,54599,4000,0,"[3.502598524093628, -3.863783359527588]","[0.9993682503700256, 0.0006317520164884627]"
NZ_JRKQ01000008,NZ_JRKQ01000008.1,50700,54699,4000,0,"[3.509459972381592, -3.8701183795928955]","[0.9993765950202942, 0.0006234748288989067]"
NZ_JRKQ01000008,NZ_JRKQ01000008.1,50800,54799,4000,0,"[3.515300750732422, -3.8748936653137207]","[0.9993830919265747, 0.0006168951513245702]"
NZ_JRKQ01000008,NZ_JRKQ01000008.1,50900,54899,4000,0,"[3.5137460231781006, -3.8737282752990723]","[0.999381422996521, 0.0006185745587572455]"
NZ_JRKQ01000008,NZ_JRKQ01000008.1,51000,54999,4000,0,"[3.511263608932495, -3.871367931365967]","[0.9993784427642822, 0.0006215756293386221]"
NZ_JRKQ01000008,NZ_JRKQ01000008.1,51100,55099,4000,0,"[3.513597011566162, -3.8734307289123535]","[0.9993810653686523, 0.0006188505212776363]"
NZ_JRKQ01000008,NZ_JRKQ01000008.1,51200,55199,4000,0,"[3.506855010986328, -3.8676257133483887]","[0.9993733763694763, 0.0006266593118198216]"
NZ_JRKQ01000008,NZ_JRKQ01000008.1,51300,55299,4000,0,"[3.4972362518310547, -3.8580830097198486]","[0.9993612170219421, 0.000638775120023638]"
NZ_JRKQ01000008,NZ_JRKQ01000008.1,51400,55399,4000,0,"[3.4989237785339355, -3.860034704208374]","[0.9993636012077332, 0.0006364562432281673]"
NZ_JRKQ01000008,NZ_JRKQ01000008.1,51500,55499,4000,0,"[3.509319543838501, -3.8695695400238037]","[0.999376118183136, 0.0006239045760594308]"
NZ_JRKQ01000008,NZ_JRKQ01000008.1,51600,55599,4000,0,"[3.5057711601257324, -3.865718364715576]","[0.9993714690208435, 0.0006285353447310627]"
NZ_JRKQ01000008,NZ_JRKQ01000008.1,51700,55699,4000,0,"[3.5048952102661133, -3.8652896881103516]","[0.9993706345558167, 0.0006293553742580116]"
NZ_JRKQ01000008,NZ_JRKQ01000008.1,51800,55799,4000,0,"[3.507976531982422, -3.867940902709961]","[0.9993742108345032, 0.0006257601198740304]"
NZ_JRKQ01000008,NZ_JRKQ01000008.1,51900,55899,4000,0,"[3.5066418647766113, -3.8662164211273193]","[0.9993723034858704, 0.0006276763160713017]"
NZ_JRKQ01000008,NZ_JRKQ01000008.1,52000,55999,4000,0,"[3.488590717315674, -3.8488385677337646]","[0.9993496537208557, 0.0006502981996163726]"
NZ_JRKQ01000008,NZ_JRKQ01000008.1,52100,56099,4000,0,"[3.483149528503418, -3.8424549102783203]","[0.9993419051170349, 0.0006580281769856811]"
NZ_JRKQ01000008,NZ_JRKQ01000008.1,52200,56199,4000,0,"[3.483022689819336, -3.8426787853240967]","[0.9993420243263245, 0.000657964323181659]"
NZ_JRKQ01000008,NZ_JRKQ01000008.1,52300,56299,4000,0,"[3.477231025695801, -3.836249828338623]","[0.999333918094635, 0.000666049076244235]"
NZ_JRKQ01000008,NZ_JRKQ01000008.1,52400,56399,4000,0,"[3.448303699493408, -3.8070554733276367]","[0.9992940425872803, 0.0007058799383230507]"
NZ_JRKQ01000008,NZ_JRKQ01000008.1,52500,56499,4000,0,"[3.4354312419891357, -3.7946698665618896]","[0.9992761015892029, 0.0007239231490530074]"
NZ_JRKQ01000008,NZ_JRKQ01000008.1,52600,56599,4000,0,"[3.3823609352111816, -3.7415285110473633]","[0.9991950392723083, 0.0008049787138588727]"
NZ_JRKQ01000008,NZ_JRKQ01000008.1,52700,56699,4000,0,"[3.3647708892822266, -3.7235608100891113]","[0.9991658926010132, 0.0008340926142409444]"
NZ_JRKQ01000008,NZ_JRKQ01000008.1,52800,56799,4000,0,"[3.416517734527588, -3.7751448154449463]","[0.9992477893829346, 0.0007522699306719005]"
NZ_JRKQ01000008,NZ_JRKQ01000008.1,52900,56899,4000,0,"[3.4068474769592285, -3.765623092651367]","[0.9992331266403198, 0.0007668358739465475]"
NZ_JRKQ01000008,NZ_JRKQ01000008.1,53000,56999,4000,0,"[3.3848776817321777, -3.7433557510375977]","[0.9991984963417053, 0.0008014922495931387]"
NZ_JRKQ01000008,NZ_JRKQ01000008.1,53100,57099,4000,0,"[3.4070777893066406, -3.766017198562622]","[0.999233603477478, 0.0007663577562198043]"
NZ_JRKQ01000008,NZ_JRKQ01000008.1,53200,57199,4000,0,"[3.4090051651000977, -3.7683534622192383]","[0.9992369413375854, 0.0007630996406078339]"
NZ_JRKQ01000008,NZ_JRKQ01000008.1,53300,57299,4000,0,"[3.3890533447265625, -3.7484192848205566]","[0.9992058873176575, 0.0007941270596347749]"
NZ_JRKQ01000008,NZ_JRKQ01000008.1,53400,57399,4000,0,"[3.403270721435547, -3.762877941131592]","[0.9992283582687378, 0.0007716954569332302]"
NZ_JRKQ01000008,NZ_JRKQ01000008.1,53500,57499,4000,0,"[3.4151062965393066, -3.7739644050598145]","[0.9992457628250122, 0.0007542209350503981]"
NZ_JRKQ01000008,NZ_JRKQ01000008.1,53600,57599,4000,0,"[3.3527369499206543, -3.7089507579803467]","[0.9991433620452881, 0.0008565957541577518]"
NZ_JRKQ01000008,NZ_JRKQ01000008.1,53700,57699,4000,0,"[3.380573034286499, -3.738886594772339]","[0.9991914629936218, 0.000808549637440592]"
NZ_JRKQ01000008,NZ_JRKQ01000008.1,53800,57799,4000,0,"[3.4132018089294434, -3.772608518600464]","[0.9992433786392212, 0.0007566823624074459]"
NZ_JRKQ01000008,NZ_JRKQ01000008.1,53900,57899,4000,0,"[3.4079835414886475, -3.767892599105835]","[0.9992357492446899, 0.0007642308482900262]"
NZ_JRKQ01000008,NZ_JRKQ01000008.1,54000,57999,4000,0,"[3.3204057216644287, -3.6769049167633057]","[0.9990864992141724, 0.0009135024156421423]"
NZ_JRKQ01000008,NZ_JRKQ01000008.1,54100,58099,4000,0,"[3.4281396865844727, -3.7903223037719727]","[0.9992676377296448, 0.0007323920144699514]"
NZ_JRKQ01000008,NZ_JRKQ01000008.1,54200,58199,4000,0,"[3.459258556365967, -3.820636749267578]","[0.9993112087249756, 0.0006887829513289034]"
NZ_JRKQ01000008,NZ_JRKQ01000008.1,54300,58299,4000,0,"[3.4005696773529053, -3.761042356491089]","[0.9992247819900513, 0.000775201537180692]"
NZ_JRKQ01000008,NZ_JRKQ01000008.1,54400,58399,4000,0,"[3.4559638500213623, -3.8186540603637695]","[0.9993075132369995, 0.0006924248882569373]"
NZ_JRKQ01000008,NZ_JRKQ01000008.1,54500,58499,4000,0,"[3.509761333465576, -3.869053363800049]","[0.999376118183136, 0.0006239509675651789]"
NZ_JRKQ01000008,NZ_JRKQ01000008.1,54600,58599,4000,0,"[3.507972002029419, -3.8678627014160156]","[0.9993742108345032, 0.0006258120993152261]"
NZ_JRKQ01000008,NZ_JRKQ01000008.1,54700,58699,4000,0,"[3.513213872909546, -3.8718206882476807]","[0.9993798732757568, 0.0006200844654813409]"
NZ_JRKQ01000008,NZ_JRKQ01000008.1,54800,58799,4000,0,"[3.5096144676208496, -3.868830680847168]","[0.9993758797645569, 0.0006241814116947353]"
NZ_JRKQ01000008,NZ_JRKQ01000008.1,54900,58899,4000,0,"[3.506246566772461, -3.8646399974823]","[0.9993711113929749, 0.0006289141019806266]"
NZ_JRKQ01000008,NZ_JRKQ01000008.1,55000,58999,4000,0,"[3.5001888275146484, -3.858222007751465]","[0.9993632435798645, 0.0006368044996634126]"
NZ_JRKQ01000008,NZ_JRKQ01000008.1,55100,59099,4000,0,"[3.5104284286499023, -3.8673932552337646]","[0.9993754029273987, 0.0006245702970772982]"
NZ_JRKQ01000008,NZ_JRKQ01000008.1,55200,59199,4000,0,"[3.501890182495117, -3.860517978668213]","[0.9993657469749451, 0.0006342656561173499]"
NZ_JRKQ01000008,NZ_JRKQ01000008.1,55300,59299,4000,0,"[3.498117446899414, -3.857316493988037]","[0.9993613362312317, 0.000638701836578548]"
NZ_JRKQ01000008,NZ_JRKQ01000008.1,55400,59399,4000,0,"[3.502800941467285, -3.861572265625]","[0.9993669390678406, 0.0006330212927423418]"
NZ_JRKQ01000008,NZ_JRKQ01000008.1,55500,59499,4000,0,"[3.499732494354248, -3.8591201305389404]","[0.9993634819984436, 0.0006365235894918442]"
NZ_JRKQ01000008,NZ_JRKQ01000008.1,55600,59599,4000,0,"[3.495659828186035, -3.8553547859191895]","[0.9993584752082825, 0.0006415288662537932]"
NZ_JRKQ01000008,NZ_JRKQ01000008.1,55700,59699,4000,0,"[3.488656520843506, -3.848482608795166]","[0.9993495345115662, 0.0006504866178147495]"
NZ_JRKQ01000008,NZ_JRKQ01000008.1,55800,59799,4000,0,"[3.473118305206299, -3.8342037200927734]","[0.9993299245834351, 0.0006701611564494669]"
NZ_JRKQ01000008,NZ_JRKQ01000008.1,55900,59899,4000,0,"[3.478236198425293, -3.838498592376709]","[0.9993360638618469, 0.0006638867198489606]"
NZ_JRKQ01000008,NZ_JRKQ01000008.1,56000,59999,4000,0,"[3.491853713989258, -3.8516993522644043]","[0.9993537068367004, 0.0006463304744102061]"
NZ_JRKQ01000008,NZ_JRKQ01000008.1,56100,60099,4000,0,"[3.500507354736328, -3.8596086502075195]","[0.9993643164634705, 0.0006357202655635774]"
NZ_JRKQ01000008,NZ_JRKQ01000008.1,56200,60199,4000,0,"[3.5051491260528564, -3.86449933052063]","[0.999370276927948, 0.0006296928622759879]"
NZ_JRKQ01000008,NZ_JRKQ01000008.1,56300,60299,4000,0,"[3.5072121620178223, -3.866863489151001]","[0.9993731379508972, 0.0006269128643907607]"
NZ_JRKQ01000008,NZ_JRKQ01000008.1,56400,60399,4000,0,"[3.4807510375976562, -3.841641426086426]","[0.9993398785591125, 0.0006601437926292419]"
NZ_JRKQ01000008,NZ_JRKQ01000008.1,56500,60499,4000,0,"[3.4999403953552246, -3.8595311641693115]","[0.9993638396263123, 0.0006361299310810864]"
NZ_JRKQ01000008,NZ_JRKQ01000008.1,56600,60599,4000,0,"[3.4946537017822266, -3.8548529148101807]","[0.9993575215339661, 0.0006424965686164796]"
NZ_JRKQ01000008,NZ_JRKQ01000008.1,56700,60699,4000,0,"[3.4815564155578613, -3.8404479026794434]","[0.9993396401405334, 0.0006603999645449221]"
NZ_JRKQ01000008,NZ_JRKQ01000008.1,56800,60799,4000,0,"[3.4550881385803223, -3.8126869201660156]","[0.999302864074707, 0.00069717614678666]"
NZ_JRKQ01000008,NZ_JRKQ01000008.1,56900,60899,4000,0,"[3.480433702468872, -3.8400893211364746]","[0.9993385672569275, 0.000661378086078912]"
NZ_JRKQ01000008,NZ_JRKQ01000008.1,57000,60999,4000,0,"[3.5016329288482666, -3.861496925354004]","[0.9993662238121033, 0.0006338086095638573]"
NZ_JRKQ01000008,NZ_JRKQ01000008.1,57100,61099,4000,0,"[3.5086517333984375, -3.867824077606201]","[0.9993745684623718, 0.0006254110485315323]"
NZ_JRKQ01000008,NZ_JRKQ01000008.1,57200,61199,4000,0,"[3.5003697872161865, -3.8590071201324463]","[0.9993638396263123, 0.00063619005959481]"
NZ_JRKQ01000008,NZ_JRKQ01000008.1,57300,61299,4000,0,"[3.4979445934295654, -3.8568625450134277]","[0.9993608593940735, 0.0006391021888703108]"
NZ_JRKQ01000008,NZ_JRKQ01000008.1,57400,61399,4000,0,"[3.491853713989258, -3.8512728214263916]","[0.9993533492088318, 0.0006466061458922923]"
NZ_JRKQ01000008,NZ_JRKQ01000008.1,57500,61499,4000,0,"[3.492168426513672, -3.8524255752563477]","[0.9993543028831482, 0.0006456584087572992]"
NZ_JRKQ01000008,NZ_JRKQ01000008.1,57600,61599,4000,0,"[3.485177516937256, -3.844177722930908]","[0.9993444085121155, 0.0006555663421750069]"
NZ_JRKQ01000008,NZ_JRKQ01000008.1,57700,61699,4000,0,"[3.5047450065612793, -3.8630080223083496]","[0.9993690848350525, 0.000630886759608984]"
NZ_JRKQ01000008,NZ_JRKQ01000008.1,57800,61799,4000,0,"[3.5102808475494385, -3.8696141242980957]","[0.9993767142295837, 0.00062327750492841]"
NZ_JRKQ01000008,NZ_JRKQ01000008.1,57900,61899,4000,0,"[3.5006096363067627, -3.860306739807129]","[0.9993647933006287, 0.0006352121708914638]"
NZ_JRKQ01000008,NZ_JRKQ01000008.1,58000,61999,4000,0,"[3.500175952911377, -3.8600282669067383]","[0.9993643164634705, 0.0006356642115861177]"
NZ_JRKQ01000008,NZ_JRKQ01000008.1,58100,62099,4000,0,"[3.4953668117523193, -3.854501724243164]","[0.9993577599525452, 0.0006422639125958085]"
NZ_JRKQ01000008,NZ_JRKQ01000008.1,58200,62199,4000,0,"[3.495999813079834, -3.855046033859253]","[0.9993584752082825, 0.0006415090174414217]"
NZ_JRKQ01000008,NZ_JRKQ01000008.1,58300,62299,4000,0,"[3.5077624320983887, -3.867647171020508]","[0.9993739724159241, 0.000626077875494957]"
NZ_JRKQ01000008,NZ_JRKQ01000008.1,58400,62399,4000,0,"[3.5117454528808594, -3.8716673851013184]","[0.9993789196014404, 0.0006210902938619256]"
NZ_JRKQ01000008,NZ_JRKQ01000008.1,58500,62499,4000,0,"[3.505619764328003, -3.865567684173584]","[0.999371349811554, 0.0006287253345362842]"
NZ_JRKQ01000008,NZ_JRKQ01000008.1,58600,62599,4000,0,"[3.4818668365478516, -3.843522548675537]","[0.9993417859077454, 0.0006581696216017008]"
NZ_JRKQ01000008,NZ_JRKQ01000008.1,58700,62699,4000,0,"[3.4900922775268555, -3.8498034477233887]","[0.9993513226509094, 0.0006486971396952868]"
NZ_JRKQ01000008,NZ_JRKQ01000008.1,58800,62799,4000,0,"[3.5017781257629395, -3.86016845703125]","[0.999365508556366, 0.0006345583824440837]"
NZ_JRKQ01000008,NZ_JRKQ01000008.1,58900,62826,3927,0,"[3.506669759750366, -3.8648784160614014]","[0.9993714690208435, 0.0006284984992817044]"
